{
  "n_components": 45,
  "n_features_in": 2048,
  "n_cal_knots": 200,
  "cal_min": 2.914872407913208,
  "cal_max": 71.68666076660156,
  "scaler": "standard"
}