{
  "mode": "slow",
  "descriptor_types": [
    "chemeleon",
    "clamp"
  ],
  "n_compounds": 81643,
  "n_actives": 68,
  "ratio_actives": 0.0008328944306309176,
  "population_prior": 0.0008328944306309176,
  "portfolio": [
    "xgb",
    "rf"
  ],
  "num_batches": {
    "chemeleon": 12,
    "clamp": 12
  },
  "decision_cutoff_raw": 0.020528541015776516,
  "decision_cutoff_proba": 0.008189784140200215,
  "decision_cutoff_rank": 0.9315359562167418,
  "oof_aucs": {
    "chemeleon": 0.9480434478359933,
    "clamp": 0.9570495529261698
  },
  "proxy_aucs": {
    "chemeleon": 0.896673875432526,
    "clamp": 0.9332331314878893
  },
  "train_aucs": {
    "chemeleon": 1.0,
    "clamp": 0.9999760235077788
  },
  "quality_aucs": {
    "chemeleon": 0.8960868956719865,
    "clamp": 0.9141230823445607
  },
  "active_descriptors": {
    "chemeleon": true,
    "clamp": true
  },
  "ad_hard_cutoffs": {
    "chemeleon": 0.05000000074505806,
    "clamp": 0.05000000074505806
  },
  "rank_error_curves": {
    "chemeleon": [
      [
        0.13637449565606902,
        0.20096407568298216,
        0.23441802569728196,
        0.2631881511428155,
        0.29154533645816194,
        0.3202420717330753,
        0.348828371443538,
        0.3791225830218103,
        0.41014351401870036,
        0.44330056366440096,
        0.4777226020074083,
        0.51434776031838,
        0.5540665374430142,
        0.5963495742610592,
        0.6443461471442479,
        0.6944032743854197,
        0.7532217367236425,
        0.8181366165671117,
        0.8966640608142281,
        0.9999962427052566
      ],
      [
        0.0006235392964020716,
        0.0006250913827688058,
        0.0006264738486014398,
        0.0006277008151181253,
        0.0006290381936958959,
        0.0006304812520054265,
        0.0006318952312959277,
        0.0006338756020386563,
        0.0006356662710561191,
        0.0006380967270897716,
        0.0006407899793726355,
        0.0006443590417274937,
        0.0006487139494299666,
        0.0006534876214152129,
        0.0006601696338722866,
        0.0006692879018214126,
        0.0006831894641666712,
        0.0007064366567205428,
        0.0007690117114497337,
        0.027823141304530168
      ]
    ],
    "clamp": [
      [
        0.1533469660752773,
        0.22045452624294834,
        0.25461577995841306,
        0.28489099727138395,
        0.3128509190832469,
        0.3406498529444602,
        0.3685709539304667,
        0.3972407303386199,
        0.4266562988284012,
        0.45701544432226826,
        0.49067437258089924,
        0.5262020692186096,
        0.5646011883836123,
        0.6068958308143538,
        0.6528501272984466,
        0.7022797627458462,
        0.7590279155312233,
        0.8259790662934687,
        0.9075537836473432,
        0.9999899852071167
      ],
      [
        0.0005083504268875235,
        0.0005096178391922386,
        0.0005107029721807422,
        0.0005116553757432637,
        0.0005124346697486995,
        0.0005135218945225361,
        0.0005145492714526558,
        0.0005155093091041782,
        0.0005168394120575549,
        0.0005181404069419056,
        0.000519907900741726,
        0.0005218870703750126,
        0.0005243781285386347,
        0.0005272901612290449,
        0.0005315615233285453,
        0.0005374008319906212,
        0.0005455471393920988,
        0.0005607361486712383,
        0.0006059264967947296,
        0.027489420666680975
      ]
    ]
  },
  "decision_cutoff_logit": -4.796644233314701,
  "decision_cutoff_lift": 9.832919802328913
}