{
    "portfolio": [
        "lr",
        "xgb",
        "rf",
        "svc"
    ],
    "max_batch_size": 100000,
    "max_imbalance_ratio": 100,
    "num_batches": 1,
    "population_prior": 0.01979434447300771,
    "batch_priors": [
        0.01979434447300771
    ],
    "decision_cutoff_raw": 0.0869962004368356,
    "decision_cutoff_proba": 0.017415719415237004,
    "decision_cutoff_rank": 0.9421445101568526,
    "decision_cutoff_logit": -4.032812908774178,
    "decision_cutoff_lift": 0.8798330977308045
}