{
  "n_components": 45,
  "n_features_in": 2048,
  "n_cal_knots": 200,
  "cal_min": 1.8285391330718994,
  "cal_max": 56.677894592285156,
  "scaler": "standard"
}