{
  "n_components": 45,
  "n_features_in": 2048,
  "n_cal_knots": 200,
  "cal_min": 2.5628697872161865,
  "cal_max": 52.493507385253906,
  "scaler": "standard"
}