{
    "portfolio": [
        "lr",
        "xgb",
        "rf",
        "svc"
    ],
    "max_batch_size": 100000,
    "max_imbalance_ratio": 100,
    "num_batches": 1,
    "population_prior": 0.08350462487153135,
    "batch_priors": [
        0.08350462487153135
    ],
    "decision_cutoff_raw": 0.09337884186072662,
    "decision_cutoff_proba": 0.06664856745018384,
    "decision_cutoff_rank": 0.7266769468003085,
    "decision_cutoff_logit": -2.639348246551744,
    "decision_cutoff_lift": 0.7981422292803554
}