{
  "n_components": 45,
  "n_features_in": 2048,
  "n_cal_knots": 200,
  "cal_min": 2.5162441730499268,
  "cal_max": 60.29938888549805,
  "scaler": "standard"
}