{
  "n_components": 45,
  "n_features_in": 2048,
  "n_cal_knots": 200,
  "cal_min": 2.809220790863037,
  "cal_max": 10.138209342956543,
  "scaler": "standard"
}