{
  "n_components": 45,
  "n_features_in": 2048,
  "n_cal_knots": 200,
  "cal_min": 1.8001140356063843,
  "cal_max": 37.744384765625,
  "scaler": "standard"
}