{
    "portfolio": [
        "lr",
        "xgb",
        "rf",
        "svc"
    ],
    "max_batch_size": 100000,
    "max_imbalance_ratio": 100,
    "num_batches": 1,
    "population_prior": 0.017931712110046672,
    "batch_priors": [
        0.017931712110046672
    ],
    "decision_cutoff_raw": 0.08280589774968936,
    "decision_cutoff_proba": 0.016323597646638793,
    "decision_cutoff_rank": 0.8776412776412776,
    "decision_cutoff_logit": -4.098685214293168,
    "decision_cutoff_lift": 0.9103200824584455
}