{
  "mode": "slow",
  "descriptor_types": [
    "chemeleon",
    "clamp",
    "morgan"
  ],
  "n_compounds": 558,
  "n_actives": 41,
  "ratio_actives": 0.07347670250896057,
  "population_prior": 0.07347670250896057,
  "portfolio": [
    "lr",
    "xgb",
    "rf",
    "svc"
  ],
  "num_batches": {
    "chemeleon": 1,
    "clamp": 1,
    "morgan": 1
  },
  "decision_cutoff_raw": 0.17467883581771207,
  "decision_cutoff_proba": 0.07269455566998272,
  "decision_cutoff_rank": 0.8242070616397368,
  "oof_aucs": {
    "chemeleon": 0.9047978487521819,
    "clamp": 0.907345379063075,
    "morgan": 0.8639901872906544
  },
  "proxy_aucs": {
    "chemeleon": 0.8379487663348587,
    "clamp": 0.8754068972024344,
    "morgan": 0.8439401802141813
  },
  "train_aucs": {
    "chemeleon": 1.0,
    "clamp": 1.0,
    "morgan": 1.0
  },
  "quality_aucs": {
    "chemeleon": 0.8095956975043639,
    "clamp": 0.81469075812615,
    "morgan": 0.7279803745813087
  },
  "active_descriptors": {
    "chemeleon": true,
    "clamp": true,
    "morgan": true
  },
  "ad_hard_cutoffs": {
    "chemeleon": 0.05425000190734863,
    "clamp": 0.05425000190734863,
    "morgan": 0.05425000190734863
  },
  "rank_error_curves": {
    "chemeleon": [
      [
        0.04862591400651817,
        0.12192619797307938,
        0.15377229496942238,
        0.19071542858555945,
        0.21244108947143753,
        0.23659352570663164,
        0.2631758953308833,
        0.2915924993542754,
        0.3263078125813909,
        0.34590110192855933,
        0.3774419330002512,
        0.4026481967284159,
        0.4329393317823578,
        0.4782673551657518,
        0.5184353283235464,
        0.5577551410688806,
        0.6508334094654803,
        0.76674094154796,
        0.9854797012486844,
        0.9998912801257129
      ],
      [
        0.04525573895654011,
        0.04586884539744339,
        0.04688294035158805,
        0.04692269066241975,
        0.04700000234755659,
        0.04822774474154734,
        0.0486673896679496,
        0.0492435067801039,
        0.04966990794499852,
        0.04965179691959799,
        0.050093877329187984,
        0.05023215086789458,
        0.05081300942550063,
        0.05106190457592346,
        0.0515594379804344,
        0.05235111783348607,
        0.05592500079865589,
        0.0727799685749014,
        0.39959008958801984,
        0.3942146661960884
      ]
    ],
    "clamp": [
      [
        0.02353738879467077,
        0.057098486747406085,
        0.09686835838950236,
        0.13885563885667937,
        0.17019316622477718,
        0.1992784264294793,
        0.22620598421652288,
        0.2697569563947658,
        0.30783807267484853,
        0.33773405603344564,
        0.36618661564037136,
        0.40975492596835034,
        0.4521965468817773,
        0.4811718535844229,
        0.5243283564649382,
        0.5684847388283462,
        0.6272279277804038,
        0.7421006328111446,
        0.987807893675532,
        0.9998373087348955
      ],
      [
        0.04034053910821754,
        0.04103031148717392,
        0.04222125023624764,
        0.043435361991757744,
        0.043455941423827894,
        0.043963168259306205,
        0.044496496782057,
        0.04541077595853506,
        0.04595192894691109,
        0.04614970764418128,
        0.04653958843816989,
        0.0472231452583362,
        0.0480567896096066,
        0.05032084632905593,
        0.051328224300016996,
        0.05404561808699358,
        0.05881543897165826,
        0.08391117897078626,
        0.42877010796297577,
        0.38047709643338407
      ]
    ],
    "morgan": [
      [
        0.06836228959123286,
        0.15752038710484412,
        0.19913672810020147,
        0.2305732796394484,
        0.252268528848123,
        0.26687727685657603,
        0.29500202154194705,
        0.3132858961459757,
        0.33508362155784127,
        0.35757120395102965,
        0.38277220405460477,
        0.40600540138951613,
        0.4299599804117683,
        0.45734703302194335,
        0.4834149604324991,
        0.5245065733168234,
        0.5695891836433237,
        0.6233986768626553,
        0.9724497529937327,
        1.0
      ],
      [
        0.04951117437567249,
        0.05120749492857704,
        0.051716329085780194,
        0.052751688778628375,
        0.05366213909402397,
        0.054206263076678404,
        0.054271735211718346,
        0.05547724487558051,
        0.05649034636618534,
        0.056722610807059856,
        0.05692851714214792,
        0.0617995067362807,
        0.05931340308693152,
        0.0605641534410711,
        0.0625304917403341,
        0.0632224490194149,
        0.06692706129886374,
        0.07044568836264033,
        0.537464952931087,
        0.45693446357616396
      ]
    ]
  },
  "decision_cutoff_logit": -2.5460165148378966,
  "decision_cutoff_lift": 0.989355172289033
}