{
    "portfolio": [
        "xgb",
        "rf"
    ],
    "max_batch_size": 100000,
    "max_imbalance_ratio": 100,
    "num_batches": 2,
    "population_prior": 0.006540495407737267,
    "batch_priors": [
        0.0129959905986451,
        0.0129959905986451
    ],
    "decision_cutoff_raw": 0.020935154348719797,
    "decision_cutoff_proba": 0.012013244287717042,
    "decision_cutoff_rank": 0.8621404867256637,
    "decision_cutoff_logit": -4.409659560696161,
    "decision_cutoff_lift": 1.836748371309248
}