{
  "n_components": 45,
  "n_features_in": 2048,
  "n_cal_knots": 200,
  "cal_min": 2.876833915710449,
  "cal_max": 71.12083435058594,
  "scaler": "standard"
}