{
  "n_components": 45,
  "n_features_in": 2048,
  "n_cal_knots": 200,
  "cal_min": 2.6344735622406006,
  "cal_max": 58.27619934082031,
  "scaler": "standard"
}