{
    "portfolio": [
        "xgb",
        "rf"
    ],
    "max_batch_size": 100000,
    "max_imbalance_ratio": 100,
    "num_batches": 1,
    "population_prior": 0.02019768994279975,
    "batch_priors": [
        0.02019768994279975
    ],
    "decision_cutoff_raw": 0.05036610884561152,
    "decision_cutoff_proba": 0.02213944391528163,
    "decision_cutoff_rank": 0.8275671963389184,
    "decision_cutoff_logit": -3.7880062689579725,
    "decision_cutoff_lift": 1.0961374284871668
}