{
  "n_components": 45,
  "n_features_in": 2048,
  "n_cal_knots": 200,
  "cal_min": 1.903260588645935,
  "cal_max": 10.12974739074707,
  "scaler": "standard"
}