{
    "portfolio": [
        "lr",
        "xgb",
        "rf",
        "svc"
    ],
    "max_batch_size": 100000,
    "max_imbalance_ratio": 100,
    "num_batches": 1,
    "population_prior": 0.3523809523809524,
    "batch_priors": [
        0.3523809523809524
    ],
    "decision_cutoff_raw": 0.34327175528766757,
    "decision_cutoff_proba": 0.33389385552819384,
    "decision_cutoff_rank": 0.4447115384615385,
    "decision_cutoff_logit": -0.6906258892766703,
    "decision_cutoff_lift": 0.9475366170394689
}