{
  "n_components": 27,
  "n_features_in": 768,
  "n_cal_knots": 200,
  "cal_min": 2.2829809188842773,
  "cal_max": 14.360454559326172,
  "scaler": "standard"
}