{
    "portfolio": [
        "xgb",
        "rf"
    ],
    "max_batch_size": 100000,
    "max_imbalance_ratio": 100,
    "num_batches": 1,
    "population_prior": 0.02735044828768801,
    "batch_priors": [
        0.02735044828768801
    ],
    "decision_cutoff_raw": 0.051435702330963666,
    "decision_cutoff_proba": 0.029272253027240857,
    "decision_cutoff_rank": 0.8244449364358559,
    "decision_cutoff_logit": -3.5014059731261833,
    "decision_cutoff_lift": 1.0702659320000234
}