{
  "n_components": 27,
  "n_features_in": 768,
  "n_cal_knots": 200,
  "cal_min": 2.4796197414398193,
  "cal_max": 13.650752067565918,
  "scaler": "standard"
}