{
  "mode": "slow",
  "descriptor_types": [
    "chemeleon",
    "morgan"
  ],
  "n_compounds": 106,
  "n_actives": 21,
  "ratio_actives": 0.19811320754716982,
  "population_prior": 0.19811320754716982,
  "portfolio": [
    "lr",
    "xgb",
    "rf",
    "svc"
  ],
  "num_batches": {
    "chemeleon": 1,
    "morgan": 1
  },
  "decision_cutoff_raw": 0.26058502367640557,
  "decision_cutoff_proba": 0.1861030230394375,
  "decision_cutoff_rank": 0.6416666666666668,
  "oof_aucs": {
    "chemeleon": 0.8151260504201681,
    "morgan": 0.8162464985994398
  },
  "proxy_aucs": {
    "chemeleon": 0.7932773109243697,
    "morgan": 0.8341736694677871
  },
  "train_aucs": {
    "chemeleon": 1.0,
    "morgan": 1.0
  },
  "quality_aucs": {
    "chemeleon": 0.6302521008403361,
    "morgan": 0.6324929971988795
  },
  "active_descriptors": {
    "chemeleon": true,
    "morgan": true
  },
  "ad_hard_cutoffs": {
    "chemeleon": 0.05250000208616257,
    "morgan": 0.05250000208616257
  },
  "rank_error_curves": {
    "chemeleon": [
      [
        0.20544151865774454,
        0.20809338409962053,
        0.21328837676835424,
        0.2264371101429368,
        0.2451655465191154,
        0.25730750046369116,
        0.2791271977386747,
        0.33653798335598695,
        0.36470885253249263,
        0.39248820840625137,
        0.43167600788256005,
        0.49403224897843967,
        0.5551356989125145,
        0.5972723530404871,
        0.7079826136939197,
        0.7967161457810404,
        0.9365895278826832,
        0.9553024980115903,
        0.9641104933548713,
        0.9704202119930717
      ],
      [
        0.1612715562861443,
        0.16242089732167564,
        0.16365772983211463,
        0.1647321964910693,
        0.16722109816164582,
        0.17002162366843765,
        0.1695734263883187,
        0.17396685943779566,
        0.18033676117189673,
        0.17550155227595546,
        0.18570793614396947,
        0.19195030579433556,
        0.1989716968620434,
        0.20588182209760827,
        0.2262153608218355,
        0.33246183451415734,
        0.6455678801222653,
        0.6283869730999813,
        0.6211037330107876,
        0.5897899740869815
      ]
    ],
    "morgan": [
      [
        0.018723035678063674,
        0.051159648062519936,
        0.07317005920896469,
        0.09734143609859822,
        0.11239792386857728,
        0.16626835246464527,
        0.18043702183455673,
        0.23710534062612798,
        0.28090820768270247,
        0.33689131819976037,
        0.3892018512293316,
        0.43798989387053966,
        0.5239534296156311,
        0.6237374764262829,
        0.7271793497026742,
        0.8667396697175916,
        0.9793425943743395,
        0.9866111835955668,
        0.990608602910251,
        0.9969553847577284
      ],
      [
        0.14918943945540428,
        0.1505015075549207,
        0.15155732520618112,
        0.15268853577847982,
        0.1542563611845002,
        0.1554394034386571,
        0.15563586532391094,
        0.15748728153649744,
        0.15963134336884424,
        0.16204702968193743,
        0.16414572051406165,
        0.16780488255808923,
        0.17237042172193226,
        0.18421911678547756,
        0.19811843853867256,
        0.3357356862130233,
        0.6110571630626513,
        0.6002570537682346,
        0.5931473107732466,
        0.5864522979188314
      ]
    ]
  },
  "decision_cutoff_logit": -1.4755333863790887,
  "decision_cutoff_lift": 0.939377163913351
}