{
    "portfolio": [
        "lr",
        "xgb",
        "rf",
        "svc"
    ],
    "max_batch_size": 100000,
    "max_imbalance_ratio": 100,
    "num_batches": 1,
    "population_prior": 0.02959135744480977,
    "batch_priors": [
        0.02959135744480977
    ],
    "decision_cutoff_raw": 0.054021729897067196,
    "decision_cutoff_proba": 0.02659908163304724,
    "decision_cutoff_rank": 0.7429511278195488,
    "decision_cutoff_logit": -3.599919350743742,
    "decision_cutoff_lift": 0.8988800761390091
}