{
  "n_components": 45,
  "n_features_in": 2048,
  "n_cal_knots": 200,
  "cal_min": 2.848837375640869,
  "cal_max": 71.701171875,
  "scaler": "standard"
}