{
  "n_components": 45,
  "n_features_in": 2048,
  "n_cal_knots": 200,
  "cal_min": 2.798351764678955,
  "cal_max": 10.188552856445312,
  "scaler": "standard"
}