{
  "mode": "slow",
  "descriptor_types": [
    "chemeleon",
    "clamp"
  ],
  "n_compounds": 73390,
  "n_actives": 1988,
  "ratio_actives": 0.027088159149747923,
  "population_prior": 0.027088159149747923,
  "portfolio": [
    "xgb",
    "rf"
  ],
  "num_batches": {
    "chemeleon": 1,
    "clamp": 1
  },
  "decision_cutoff_raw": 0.05564516445388597,
  "decision_cutoff_proba": 0.02883924766230895,
  "decision_cutoff_rank": 0.8167814030392903,
  "oof_aucs": {
    "chemeleon": 0.8815091749342023,
    "clamp": 0.8949698372301539
  },
  "proxy_aucs": {
    "chemeleon": 0.747564830032265,
    "clamp": 0.8234602567929918
  },
  "train_aucs": {
    "chemeleon": 0.9999994364100628,
    "clamp": 0.9999662303954535
  },
  "quality_aucs": {
    "chemeleon": 0.7630189134583418,
    "clamp": 0.7899734440648543
  },
  "active_descriptors": {
    "chemeleon": true,
    "clamp": true
  },
  "ad_hard_cutoffs": {
    "chemeleon": 0.05000000074505806,
    "clamp": 0.05000000074505806
  },
  "rank_error_curves": {
    "chemeleon": [
      [
        0.0014695659586729203,
        0.0961411370194195,
        0.15072012240182303,
        0.19712043769340362,
        0.2397273817810367,
        0.2790416104946762,
        0.3177092566858023,
        0.3546268462801653,
        0.39148485809899736,
        0.428882926489923,
        0.4654780116823539,
        0.5048405076909412,
        0.5466296775158535,
        0.5911270452532196,
        0.6401280642789224,
        0.6948864280987879,
        0.7586827464202092,
        0.8350143416306222,
        0.9292849516413599,
        1.0
      ],
      [
        0.0016787350521726802,
        0.0025923599924640517,
        0.0033229393681940243,
        0.0037826364948223587,
        0.0043843761611703546,
        0.005024200009862689,
        0.005694681454897433,
        0.00651828834259705,
        0.007327402016729783,
        0.00831937943580106,
        0.009394552329116316,
        0.010614269803143776,
        0.012085404184268385,
        0.013818138025386431,
        0.016069321040423978,
        0.019333019190873598,
        0.0249359861334474,
        0.03767778360210899,
        0.1137439491612464,
        0.26343340622626626
      ]
    ],
    "clamp": [
      [
        0.001777903722190705,
        0.09823904717308844,
        0.15777438225514243,
        0.20644118457388533,
        0.2494186789804948,
        0.28959643255642975,
        0.3283191074531418,
        0.36619016871867416,
        0.40434420223976003,
        0.44235125974275347,
        0.48370295117948436,
        0.5250876904534307,
        0.5696488699301969,
        0.6183212376326656,
        0.6701502198681457,
        0.7263232857661566,
        0.7878739195316495,
        0.8574718586919368,
        0.9370987036291321,
        1.0
      ],
      [
        0.0012723976079697305,
        0.0018978860959434352,
        0.002553274885991195,
        0.0031987851172689172,
        0.003812411963375794,
        0.004423186411165992,
        0.005034141043458376,
        0.005847206508454209,
        0.0067641009765973,
        0.007911240504498502,
        0.009018163758172,
        0.010418722902730888,
        0.012085120534113331,
        0.014263968262187454,
        0.01704584240196877,
        0.021153174631790114,
        0.02817149405057195,
        0.04382019867871352,
        0.1271426377426096,
        0.27730119514994295
      ]
    ]
  },
  "decision_cutoff_logit": -3.516754782503369,
  "decision_cutoff_lift": 1.0646440573123006
}