{
  "mode": "slow",
  "descriptor_types": [
    "chemeleon",
    "clamp"
  ],
  "n_compounds": 4071,
  "n_actives": 73,
  "ratio_actives": 0.017931712110046672,
  "population_prior": 0.017931712110046672,
  "portfolio": [
    "lr",
    "xgb",
    "rf",
    "svc"
  ],
  "num_batches": {
    "chemeleon": 1,
    "clamp": 1
  },
  "decision_cutoff_raw": 0.07806617601050109,
  "decision_cutoff_proba": 0.016213983966479602,
  "decision_cutoff_rank": 0.8906326781326781,
  "oof_aucs": {
    "chemeleon": 0.9045241798981682,
    "clamp": 0.9012931123095794
  },
  "proxy_aucs": {
    "chemeleon": 0.8954717084569681,
    "clamp": 0.8830134245204794
  },
  "train_aucs": {
    "chemeleon": 1.0,
    "clamp": 1.0
  },
  "quality_aucs": {
    "chemeleon": 0.8090483597963365,
    "clamp": 0.8025862246191589
  },
  "active_descriptors": {
    "chemeleon": true,
    "clamp": true
  },
  "ad_hard_cutoffs": {
    "chemeleon": 0.054999999701976776,
    "clamp": 0.05250000208616257
  },
  "rank_error_curves": {
    "chemeleon": [
      [
        0.23215318455212738,
        0.28832607227608564,
        0.31639704253385204,
        0.3401535397785686,
        0.36297652895355653,
        0.3843536550549168,
        0.40236255852597835,
        0.4242503487369855,
        0.44527350684800104,
        0.46797553878418324,
        0.4885714239625114,
        0.5129514962618013,
        0.5389711152631605,
        0.568024024955701,
        0.6032369930842815,
        0.6436570304611196,
        0.6872441646455848,
        0.7457931977899293,
        0.8348533846349938,
        0.9999730094324403
      ],
      [
        0.009355209963693304,
        0.009471895873321612,
        0.009572360679612832,
        0.009638129076201056,
        0.009759042533279668,
        0.009838954326100819,
        0.009905787899633369,
        0.010019517936310559,
        0.010120296922109836,
        0.0103237431488514,
        0.010421415810770612,
        0.010616014670806495,
        0.010893000041630135,
        0.011039602459140003,
        0.011606287337304285,
        0.012139308814626984,
        0.01302237034872806,
        0.014478018731392017,
        0.026030733310798852,
        0.2820794024440021
      ]
    ],
    "clamp": [
      [
        0.23903237748605027,
        0.31247141477453527,
        0.3488972880476175,
        0.37621573816452286,
        0.4006658481268422,
        0.4243955945570447,
        0.44810074590177285,
        0.469770677898107,
        0.49243680041422633,
        0.5145192853124607,
        0.5366707175985834,
        0.563578340900509,
        0.5887745387136487,
        0.6152288835516568,
        0.6455873260353878,
        0.6816527060236958,
        0.7250757471800734,
        0.7849174226606586,
        0.8716674745561134,
        0.999847681395552
      ],
      [
        0.008649998426142693,
        0.008766176421675256,
        0.008943649636263946,
        0.009704973472383424,
        0.009522640724296984,
        0.009438837012325238,
        0.010027634399051641,
        0.010474522325082771,
        0.011517503278426905,
        0.011610296280989274,
        0.012419923439300783,
        0.012948003063615572,
        0.014494512616686576,
        0.015469349641859191,
        0.015390463015925776,
        0.01726425017562845,
        0.01883060695099282,
        0.021258150555950393,
        0.02752178484322877,
        0.3387515281482553
      ]
    ]
  },
  "decision_cutoff_logit": -4.105534332326972,
  "decision_cutoff_lift": 0.9042072428429926
}