{
  "n_components": 45,
  "n_features_in": 2048,
  "n_cal_knots": 200,
  "cal_min": 2.8934409618377686,
  "cal_max": 71.774658203125,
  "scaler": "standard"
}