{
    "portfolio": [
        "lr",
        "xgb",
        "rf",
        "svc"
    ],
    "max_batch_size": 100000,
    "max_imbalance_ratio": 100,
    "num_batches": 1,
    "population_prior": 0.19811320754716982,
    "batch_priors": [
        0.19811320754716982
    ],
    "decision_cutoff_raw": 0.22824960905620345,
    "decision_cutoff_proba": 0.18420552564679987,
    "decision_cutoff_rank": 0.6357142857142858,
    "decision_cutoff_logit": -1.4881103321206286,
    "decision_cutoff_lift": 0.9297993199314659
}