{
  "n_components": 45,
  "n_features_in": 2048,
  "n_cal_knots": 200,
  "cal_min": 2.973217010498047,
  "cal_max": 112.26455688476562,
  "scaler": "standard"
}