{
    "portfolio": [
        "xgb",
        "rf"
    ],
    "max_batch_size": 100000,
    "max_imbalance_ratio": 100,
    "num_batches": 9,
    "population_prior": 0.0011391056183628725,
    "batch_priors": [
        0.010158383397050792,
        0.010159493117762727,
        0.010159493117762727,
        0.010159493117762727,
        0.010159493117762727,
        0.010159493117762727,
        0.010159493117762727,
        0.010159493117762727,
        0.010159493117762727
    ],
    "decision_cutoff_raw": 0.02180557228415166,
    "decision_cutoff_proba": 0.009153453848958791,
    "decision_cutoff_rank": 0.8933208538991146,
    "decision_cutoff_logit": -4.684428396968457,
    "decision_cutoff_lift": 8.035649812801534
}