{
    "portfolio": [
        "xgb",
        "rf"
    ],
    "max_batch_size": 100000,
    "max_imbalance_ratio": 100,
    "num_batches": 9,
    "population_prior": 0.0011391056183628725,
    "batch_priors": [
        0.010158383397050792,
        0.010159493117762727,
        0.010159493117762727,
        0.010159493117762727,
        0.010159493117762727,
        0.010159493117762727,
        0.010159493117762727,
        0.010159493117762727,
        0.010159493117762727
    ],
    "decision_cutoff_raw": 0.023224064101270658,
    "decision_cutoff_proba": 0.008215742754406626,
    "decision_cutoff_rank": 0.88930277785277,
    "decision_cutoff_logit": -4.793453439201209,
    "decision_cutoff_lift": 7.212450383849679
}