{
  "n_components": 27,
  "n_features_in": 768,
  "n_cal_knots": 200,
  "cal_min": 2.4514076709747314,
  "cal_max": 13.005400657653809,
  "scaler": "standard"
}