{
  "n_components": 27,
  "n_features_in": 768,
  "n_cal_knots": 200,
  "cal_min": 2.4539263248443604,
  "cal_max": 13.80145263671875,
  "scaler": "standard"
}