{
  "task": "classification",
  "format": "onnx",
  "preset_name": "heuristic",
  "use_linear": false,
  "n_features_in": 768,
  "classes": [
    0,
    1
  ],
  "params": {
    "C": 0.324037,
    "class_weight": "balanced",
    "max_iter": 5000,
    "tol": 0.001,
    "random_state": 42,
    "use_linear": false,
    "kernel": "rbf",
    "gamma": "scale"
  },
  "profile": {
    "n_samples": 105,
    "n_features": 768,
    "n_p_ratio": 0.13671875,
    "sparsity": 0.0,
    "is_sparse_counts": false,
    "binary_feature_fraction": 0.0,
    "feature_signal_strength": 0.10231649822390437,
    "feature_signal_p90": 0.20874874001986624,
    "task": "classification",
    "imbalance_ratio": 1.837837837837838,
    "y_skewness": 0.0,
    "y_all_positive": false
  },
  "portfolio_scores": {},
  "decision_cutoff_raw": 0.493574346342168,
  "decision_cutoff_raw_source": "oof_balanced_accuracy",
  "decision_cutoff_proba": 0.35346349705639757,
  "decision_cutoff_rank": 0.5,
  "decision_cutoff_logit": -0.6038494405257608,
  "calibrator": {
    "method": "platt",
    "coef": 1.2956007096980136,
    "intercept": -1.2433247139354069
  },
  "ranker": {
    "knots": [
      0.26629421225694866,
      0.2747550929710705,
      0.2828060634884528,
      0.2915489093879375,
      0.2931052922165996,
      0.2950401698095346,
      0.2965350359137257,
      0.30377147589862263,
      0.30401922631744643,
      0.3139633675869498,
      0.31405254713028785,
      0.3214025505194265,
      0.3435683056967399,
      0.3737696620737386,
      0.37799411803477156,
      0.40421329086088237,
      0.4107673811771681,
      0.4236324700749926,
      0.4288898666714318,
      0.43315349557626404,
      0.435829297157091,
      0.43646359965141135,
      0.43705827036850553,
      0.444156378196576,
      0.4450773220848124,
      0.4451119059784492,
      0.4464680411010353,
      0.44752907266186204,
      0.4498554670090182,
      0.45182241772939524,
      0.4524838631629056,
      0.4540438924769634,
      0.4565013698192037,
      0.4579807121489775,
      0.45888948190023626,
      0.45906480012968076,
      0.46287570642063386,
      0.4632545913310767,
      0.4635352907469686,
      0.46585197999951683,
      0.46679902143164487,
      0.4688294109401033,
      0.4695306139676047,
      0.4714965407041824,
      0.4720933734466139,
      0.47286453897002984,
      0.4757465854791615,
      0.4762893018752355,
      0.47748835840445375,
      0.4818404753175512,
      0.48243024844241683,
      0.48443570049159207,
      0.493574346342168,
      0.4939666420423524,
      0.4943499208540831,
      0.4985405445980646,
      0.5006688896424926,
      0.5023956573137608,
      0.5042140763504978,
      0.505832533146848,
      0.5084211427194565,
      0.5126557829909499,
      0.5158603069663299,
      0.5181152749170129,
      0.5186465553428758,
      0.5193083244843236,
      0.5198550949533329,
      0.5203230587429668,
      0.5207246900095659,
      0.5241656537273789,
      0.5282502707312308,
      0.5311017786903991,
      0.5315562080241066,
      0.5317432764201784,
      0.5327798792614744,
      0.5340944370664512,
      0.5346082391612644,
      0.5356050538247146,
      0.5373228969526856,
      0.5442138256839022,
      0.5531089257167651,
      0.557861185407184,
      0.5586889626403428,
      0.5597381108394877,
      0.5601474942771224,
      0.5658225560639032,
      0.5699053147338469,
      0.5714734216081431,
      0.5719171098999775,
      0.5750131977567006,
      0.5778860938681517,
      0.5809000539973277,
      0.5815033490847389,
      0.5905976975580866,
      0.6114336256735429,
      0.6214586173809564,
      0.63037091428624,
      0.6326578939611931,
      0.6375705119198266,
      0.647652774954411,
      0.6551268756656037,
      0.699853265603232,
      0.7015346947304731,
      0.7074278393440054,
      0.7235478258385291
    ]
  }
}