{
  "task": "classification",
  "format": "onnx",
  "preset_name": "heuristic",
  "best_iteration": 12,
  "params": {
    "tree_method": "hist",
    "device": "cpu",
    "learning_rate": 0.1,
    "n_estimators": 2000,
    "early_stopping_rounds": 50,
    "max_depth": 3,
    "min_child_weight": 1,
    "subsample": 1.0,
    "colsample_bytree": 0.5,
    "colsample_bynode": 0.072,
    "reg_alpha": 0.3,
    "reg_lambda": 2.125,
    "gamma": 0.05,
    "max_bin": 128,
    "nthread": 16,
    "objective": "binary:logistic",
    "scale_pos_weight": 1.8378,
    "eval_metric": "auc"
  },
  "profile": {
    "n_samples": 105,
    "n_features": 768,
    "n_p_ratio": 0.13671875,
    "sparsity": 0.0,
    "is_sparse_counts": false,
    "binary_feature_fraction": 0.0,
    "feature_signal_strength": 0.10231649822390437,
    "feature_signal_p90": 0.20874874001986624,
    "task": "classification",
    "imbalance_ratio": 1.837837837837838,
    "y_skewness": 0.0,
    "y_all_positive": false
  },
  "portfolio_scores": {},
  "decision_cutoff_raw": 0.2453945279121399,
  "decision_cutoff_raw_source": "oof_balanced_accuracy",
  "decision_cutoff_proba": 0.3186118476653799,
  "decision_cutoff_rank": 0.4326923076923077,
  "decision_cutoff_logit": -0.7601585344052121,
  "calibrator": {
    "method": "platt",
    "coef": 1.185378344458652,
    "intercept": -1.0510438936409168
  },
  "ranker": {
    "knots": [
      0.01718585565686226,
      0.024289362132549286,
      0.024748709052801132,
      0.026761550456285477,
      0.029694940894842148,
      0.0355997309088707,
      0.036778680980205536,
      0.03898974508047104,
      0.04252733662724495,
      0.04258802533149719,
      0.04403471201658249,
      0.04426711052656174,
      0.047178808599710464,
      0.04832766205072403,
      0.053379613906145096,
      0.05783331021666527,
      0.06317086517810822,
      0.07747996598482132,
      0.08416810631752014,
      0.0908314436674118,
      0.09314152598381042,
      0.09999173134565353,
      0.10281746834516525,
      0.10881660878658295,
      0.1166243702173233,
      0.1197613775730133,
      0.1285264790058136,
      0.1306123435497284,
      0.13359633088111877,
      0.14099310338497162,
      0.14519189298152924,
      0.15497329831123352,
      0.17238293588161469,
      0.17721273005008698,
      0.18491163849830627,
      0.1851886808872223,
      0.18959341943264008,
      0.21652357280254364,
      0.22563758492469788,
      0.23501509428024292,
      0.23788772523403168,
      0.2424117475748062,
      0.242557093501091,
      0.2440934181213379,
      0.24466654658317566,
      0.2453945279121399,
      0.25152039527893066,
      0.2622058689594269,
      0.26868000626564026,
      0.2741401791572571,
      0.2872758209705353,
      0.2962259352207184,
      0.30385416746139526,
      0.30479559302330017,
      0.32039719820022583,
      0.3217887282371521,
      0.34130609035491943,
      0.3414052128791809,
      0.3422008752822876,
      0.35319283604621887,
      0.37045982480049133,
      0.3859754800796509,
      0.38744327425956726,
      0.39160457253456116,
      0.39472630620002747,
      0.4026213586330414,
      0.4124838411808014,
      0.4184861183166504,
      0.4500530958175659,
      0.46582069993019104,
      0.48898783326148987,
      0.49736571311950684,
      0.5429951548576355,
      0.5508970618247986,
      0.5512298941612244,
      0.552483081817627,
      0.5525042414665222,
      0.5690524578094482,
      0.5693380236625671,
      0.5795249938964844,
      0.58815598487854,
      0.6053193211555481,
      0.6120277047157288,
      0.6309812664985657,
      0.6379701495170593,
      0.6506383419036865,
      0.6528720259666443,
      0.6682367324829102,
      0.668915867805481,
      0.6793097257614136,
      0.6798259615898132,
      0.7231246829032898,
      0.7327377796173096,
      0.7525219917297363,
      0.776094913482666,
      0.7865758538246155,
      0.8353456854820251,
      0.840461015701294,
      0.8626086115837097,
      0.8664637207984924,
      0.8679029941558838,
      0.8804582953453064,
      0.8969120979309082,
      0.9245429039001465,
      0.931086003780365
    ]
  }
}