{
    "portfolio": [
        "lr",
        "xgb",
        "rf",
        "svc"
    ],
    "max_batch_size": 100000,
    "max_imbalance_ratio": 100,
    "num_batches": 2,
    "population_prior": 0.006434050977480821,
    "batch_priors": [
        0.012782694198623401,
        0.01278898180029513
    ],
    "decision_cutoff_raw": 0.07813246117351245,
    "decision_cutoff_proba": 0.012234572719525688,
    "decision_cutoff_rank": 0.9478458716124883,
    "decision_cutoff_logit": -4.391179474294472,
    "decision_cutoff_lift": 1.9015349369078196
}