{
    "portfolio": [
        "xgb",
        "rf"
    ],
    "max_batch_size": 100000,
    "max_imbalance_ratio": 100,
    "num_batches": 4,
    "population_prior": 0.002731336885296099,
    "batch_priors": [
        0.010836289421254678,
        0.010836289421254678,
        0.010836816017105648,
        0.010836816017105648
    ],
    "decision_cutoff_raw": 0.1447911328441921,
    "decision_cutoff_proba": 0.009469050440700868,
    "decision_cutoff_rank": 0.9006894694217973,
    "decision_cutoff_logit": -4.650212480133298,
    "decision_cutoff_lift": 3.4668189382557055
}