{
  "mode": "slow",
  "descriptor_types": [
    "chemeleon",
    "clamp"
  ],
  "n_compounds": 81641,
  "n_actives": 1384,
  "ratio_actives": 0.01695226663073701,
  "population_prior": 0.01695226663073701,
  "portfolio": [
    "xgb",
    "rf"
  ],
  "num_batches": {
    "chemeleon": 1,
    "clamp": 1
  },
  "decision_cutoff_raw": 0.03871214811985163,
  "decision_cutoff_proba": 0.018175593383040218,
  "decision_cutoff_rank": 0.7736310233706601,
  "oof_aucs": {
    "chemeleon": 0.8439456976399732,
    "clamp": 0.8455513505349613
  },
  "proxy_aucs": {
    "chemeleon": 0.7315834676621585,
    "clamp": 0.7838910122258257
  },
  "train_aucs": {
    "chemeleon": 0.9999816701562991,
    "clamp": 0.9999977987982392
  },
  "quality_aucs": {
    "chemeleon": 0.6879097251236472,
    "clamp": 0.6911049022716834
  },
  "active_descriptors": {
    "chemeleon": true,
    "clamp": true
  },
  "ad_hard_cutoffs": {
    "chemeleon": 0.05000000074505806,
    "clamp": 0.05000000074505806
  },
  "rank_error_curves": {
    "chemeleon": [
      [
        0.004194673392469018,
        0.1246442388582515,
        0.18477573357223548,
        0.23533150744439488,
        0.27851593308276545,
        0.3186690928848067,
        0.35595681409395546,
        0.3913540663484828,
        0.4271497482615222,
        0.46295982428771076,
        0.5004168399373905,
        0.5388529863490368,
        0.5799817172424427,
        0.6253604683215555,
        0.6736665815680758,
        0.7296595815061384,
        0.7924878351464981,
        0.8623962734297959,
        0.9393556936431062,
        1.0
      ],
      [
        0.002031961431585266,
        0.0027747731296658877,
        0.0031021254968211817,
        0.0035638215424859624,
        0.00416629828960281,
        0.004680038619473605,
        0.0052815858660902595,
        0.006108605407138175,
        0.006956602794263556,
        0.0078939976644202,
        0.00894809604808254,
        0.0101238899167544,
        0.011384511037124396,
        0.012955579196723023,
        0.014922134688742539,
        0.01788268458174594,
        0.02280736410711117,
        0.032692770493151266,
        0.0662651474261305,
        0.2977679718907991
      ]
    ],
    "clamp": [
      [
        0.0038113013893474683,
        0.12318077469323079,
        0.1842111151256864,
        0.2347394151550585,
        0.2779941640887535,
        0.3168358478664584,
        0.3540084586207185,
        0.38995983384177174,
        0.4253632488279741,
        0.4611094531880682,
        0.49817846418900785,
        0.5364970053365428,
        0.5763339826899404,
        0.6211387425893131,
        0.6691303114373596,
        0.7228334848030225,
        0.7827124463469324,
        0.853534944617727,
        0.9319848891230365,
        0.9999904677006155
      ],
      [
        0.0020543360158979717,
        0.0028000050855851192,
        0.0033120537171301466,
        0.003807341523648165,
        0.004226095070284119,
        0.00480566594252291,
        0.0055141687042654436,
        0.006247948064684806,
        0.007040420217137491,
        0.007864852537243621,
        0.0087802920961558,
        0.009696491564623695,
        0.010931078904643258,
        0.01217361411657036,
        0.01390549285454336,
        0.016471760087422325,
        0.020721631689397713,
        0.028681614733763433,
        0.056997193388939105,
        0.33490861087429985
      ]
    ]
  },
  "decision_cutoff_logit": -3.9893328091697047,
  "decision_cutoff_lift": 1.0721630197866954
}