{
  "mode": "slow",
  "descriptor_types": [
    "chemeleon",
    "clamp",
    "morgan"
  ],
  "n_compounds": 105,
  "n_actives": 37,
  "ratio_actives": 0.3523809523809524,
  "population_prior": 0.3523809523809524,
  "portfolio": [
    "lr",
    "xgb",
    "rf",
    "svc"
  ],
  "num_batches": {
    "chemeleon": 1,
    "clamp": 1,
    "morgan": 1
  },
  "decision_cutoff_raw": 0.33493925026299215,
  "decision_cutoff_proba": 0.33712781571380807,
  "decision_cutoff_rank": 0.4543269230769231,
  "oof_aucs": {
    "chemeleon": 0.6148648648648649,
    "clamp": 0.6724960254372019,
    "morgan": 0.7126391096979332
  },
  "proxy_aucs": {
    "chemeleon": 0.5727344992050875,
    "clamp": 0.6883942766295708,
    "morgan": 0.6649443561208267
  },
  "train_aucs": {
    "chemeleon": 1.0,
    "clamp": 1.0,
    "morgan": 1.0
  },
  "quality_aucs": {
    "chemeleon": 0.22972972972972983,
    "clamp": 0.34499205087440377,
    "morgan": 0.4252782193958664
  },
  "active_descriptors": {
    "chemeleon": true,
    "clamp": true,
    "morgan": true
  },
  "ad_hard_cutoffs": {
    "chemeleon": 0.052000004798173904,
    "clamp": 0.052000004798173904,
    "morgan": 0.052000004798173904
  },
  "rank_error_curves": {
    "chemeleon": [
      [
        0.14556710467721679,
        0.204900720260414,
        0.2604784488710838,
        0.3484763219156484,
        0.38121498539073856,
        0.3981098066918805,
        0.4377950788418259,
        0.46038235294826335,
        0.4896418407377643,
        0.5103948229181102,
        0.5418416764382732,
        0.5715766989871641,
        0.6307490139981076,
        0.8873161360331091,
        0.9072644124734233,
        0.922723496009785,
        0.9302770058069063,
        0.9390703602991537,
        0.943247023906427,
        0.9665493130633882
      ],
      [
        0.3159682883139569,
        0.31839077774397745,
        0.3205183479383714,
        0.3229986239499893,
        0.325156176791556,
        0.32795723877285593,
        0.33070480131790164,
        0.33309390044255727,
        0.3385354839492961,
        0.3403184382757579,
        0.3449356131125294,
        0.3506262812969757,
        0.41061789800845255,
        0.6022354585804879,
        0.5985890953367299,
        0.5922965458283086,
        0.5900221028329724,
        0.5881264940192646,
        0.5832392637127286,
        0.5771244839693513
      ]
    ],
    "clamp": [
      [
        0.0884827521852346,
        0.11698990931402067,
        0.1397962103917998,
        0.20429456670273327,
        0.26602252246224795,
        0.29145502191600486,
        0.3144057131292105,
        0.35733958215848033,
        0.4059911422886841,
        0.44959092613862994,
        0.5205900565794276,
        0.5985706436724014,
        0.6398806612762565,
        0.8564866627310026,
        0.884285235560687,
        0.8950770812340139,
        0.9016774526886937,
        0.925625113209926,
        0.9414492837237111,
        0.9612458224397991
      ],
      [
        0.2744697273095822,
        0.2757933161835413,
        0.28029527880126553,
        0.2929526299328608,
        0.30061092030828257,
        0.30560844505086177,
        0.3052186537328191,
        0.3111567232738161,
        0.322502612201372,
        0.3269986748814332,
        0.3430523825870367,
        0.3596316909576734,
        0.41958485650392713,
        0.5744573671612845,
        0.5537274117322324,
        0.5522776122388222,
        0.542662200527474,
        0.5453820130205126,
        0.529675795160606,
        0.5290217844149474
      ]
    ],
    "morgan": [
      [
        0.1489216207420818,
        0.19275918456372007,
        0.23984609460300696,
        0.28235741972333217,
        0.3120657454870739,
        0.3394188278071828,
        0.3693433204177229,
        0.38798473058330185,
        0.4121084178527782,
        0.44686250850344555,
        0.488090504654418,
        0.6118497410099771,
        0.7357669289491813,
        0.9122103170753088,
        0.9394595942928528,
        0.9479363582574619,
        0.9735519081998342,
        0.9775138336899105,
        0.9942963135469418,
        1.0
      ],
      [
        0.2698590184917027,
        0.26950539206268054,
        0.2728537352213804,
        0.2778555366126607,
        0.2834335755739119,
        0.28897601933723455,
        0.2952510790032491,
        0.30008072295063837,
        0.30779891228455203,
        0.31437382900572014,
        0.3204203235816939,
        0.3486633867664871,
        0.42030072867007445,
        0.5577291098473843,
        0.5407513708242105,
        0.5339649886857705,
        0.5183333163725211,
        0.5144210174811621,
        0.49636083791319957,
        0.49192581958262044
      ]
    ]
  },
  "decision_cutoff_logit": -0.6761200541577042,
  "decision_cutoff_lift": 0.9567140716202661
}