{
  "n_components": 45,
  "n_features_in": 2048,
  "n_cal_knots": 200,
  "cal_min": 1.636333703994751,
  "cal_max": 22.853532791137695,
  "scaler": "standard"
}