{
  "task": "classification",
  "format": "onnx",
  "preset_name": "heuristic",
  "use_linear": false,
  "n_features_in": 1617,
  "classes": [
    0,
    1
  ],
  "params": {
    "C": 0.324037,
    "class_weight": "balanced",
    "max_iter": 5000,
    "tol": 0.001,
    "random_state": 42,
    "use_linear": false,
    "kernel": "rbf",
    "gamma": "scale"
  },
  "profile": {
    "n_samples": 105,
    "n_features": 1617,
    "n_p_ratio": 0.06493506493506493,
    "sparsity": 0.4555820596636923,
    "is_sparse_counts": false,
    "binary_feature_fraction": 0.004947433518862091,
    "feature_signal_strength": 0.08048002559245901,
    "feature_signal_p90": 0.1664221054530982,
    "task": "classification",
    "imbalance_ratio": 1.837837837837838,
    "y_skewness": 0.0,
    "y_all_positive": false
  },
  "portfolio_scores": {},
  "decision_cutoff_raw": 0.33525654937303495,
  "decision_cutoff_raw_source": "oof_balanced_accuracy",
  "decision_cutoff_proba": 0.34542350404855315,
  "decision_cutoff_rank": 0.14423076923076925,
  "decision_cutoff_logit": -0.6392172432743475,
  "calibrator": {
    "method": "platt",
    "coef": 0.5222849133926399,
    "intercept": -0.8143166811279584
  },
  "ranker": {
    "knots": [
      0.27675166091624,
      0.28043472240845857,
      0.28384678618499787,
      0.2865489223697,
      0.2891176504188332,
      0.29595582082149785,
      0.30084224000177767,
      0.3012341516544547,
      0.3023958097540113,
      0.3149588026459889,
      0.3216103808348809,
      0.3223868979258219,
      0.32532646059605813,
      0.3318088584795889,
      0.3324748113918271,
      0.33525654937303495,
      0.33804750961117364,
      0.34190628030465753,
      0.34223895138039784,
      0.34701759626411116,
      0.34986499937823584,
      0.3502379836436979,
      0.3510850213387951,
      0.3523772607568186,
      0.3535990660446285,
      0.35435481111828243,
      0.3553151953957158,
      0.3582509584166848,
      0.3596010494406542,
      0.36007750236602765,
      0.3617219817898473,
      0.36202343942567455,
      0.364479735239366,
      0.36596823512003007,
      0.3679757613906931,
      0.37036735803887866,
      0.3707036754276684,
      0.37337154081823337,
      0.37459193114693246,
      0.3754444137205891,
      0.37630554415139833,
      0.38036071562723883,
      0.38242300864213824,
      0.38410520544535004,
      0.3869140805970946,
      0.3869874644475139,
      0.38745276822535335,
      0.38916064197597694,
      0.3902039539143019,
      0.39038707420059066,
      0.39154149666584953,
      0.3942076463381715,
      0.39731882264898816,
      0.39745632640489587,
      0.39779736757525375,
      0.3980223948621357,
      0.3987521543490921,
      0.3996158012068704,
      0.4005868449060284,
      0.4012225657811857,
      0.40212586600003003,
      0.40316101958550143,
      0.40432337964446524,
      0.40654026791052356,
      0.4068814650709608,
      0.4069323820763676,
      0.4072619124016677,
      0.4075439684850141,
      0.4101662946938998,
      0.4108009067069014,
      0.41083039614647476,
      0.411565589113305,
      0.41186951081666423,
      0.4126950311008427,
      0.41475577362750105,
      0.4183233726477117,
      0.41893834886302084,
      0.42049139600578095,
      0.42237156772978574,
      0.42249125924150305,
      0.42346845319489107,
      0.4247445837016304,
      0.425454621357998,
      0.42777877335738257,
      0.4337647885296074,
      0.4385805865891487,
      0.4405219501602489,
      0.4418066289687935,
      0.4434512267688253,
      0.4534165338893895,
      0.4558919901094869,
      0.4636174791942234,
      0.46411286510645533,
      0.47057112841571686,
      0.4749138145485353,
      0.47577974293936437,
      0.4851559425557014,
      0.500252437877177,
      0.5008672110409839,
      0.5009891933832228,
      0.502143974331029,
      0.5117867606282858,
      0.5181257552804777,
      0.5301080801860918,
      0.5602026894809673
    ]
  }
}