{
  "task": "classification",
  "format": "onnx",
  "preset_name": "heuristic",
  "best_iteration": 9,
  "params": {
    "tree_method": "hist",
    "device": "cpu",
    "learning_rate": 0.1,
    "n_estimators": 2000,
    "early_stopping_rounds": 50,
    "max_depth": 3,
    "min_child_weight": 1,
    "subsample": 1.0,
    "colsample_bytree": 0.5,
    "colsample_bynode": 0.05,
    "reg_alpha": 0.3,
    "reg_lambda": 2.125,
    "gamma": 0.05,
    "max_bin": 128,
    "nthread": 16,
    "objective": "binary:logistic",
    "scale_pos_weight": 1.8378,
    "eval_metric": "auc"
  },
  "profile": {
    "n_samples": 105,
    "n_features": 1617,
    "n_p_ratio": 0.06493506493506493,
    "sparsity": 0.4555820596636923,
    "is_sparse_counts": false,
    "binary_feature_fraction": 0.004947433518862091,
    "feature_signal_strength": 0.08048002559245901,
    "feature_signal_p90": 0.1664221054530982,
    "task": "classification",
    "imbalance_ratio": 1.837837837837838,
    "y_skewness": 0.0,
    "y_all_positive": false
  },
  "portfolio_scores": {},
  "decision_cutoff_raw": 0.28281331062316895,
  "decision_cutoff_raw_source": "oof_balanced_accuracy",
  "decision_cutoff_proba": 0.33482319706656405,
  "decision_cutoff_rank": 0.4326923076923077,
  "decision_cutoff_logit": -0.6864502518368416,
  "calibrator": {
    "method": "platt",
    "coef": 0.8206679423892975,
    "intercept": -0.918546069546263
  },
  "ranker": {
    "knots": [
      0.029142823070287704,
      0.033465541899204254,
      0.03597596287727356,
      0.04661932215094566,
      0.048216111958026886,
      0.05205336585640907,
      0.06307067722082138,
      0.06517452001571655,
      0.06654360890388489,
      0.06782294809818268,
      0.0689072385430336,
      0.07175959646701813,
      0.07793311774730682,
      0.08114004135131836,
      0.0968155637383461,
      0.10187095403671265,
      0.10311511158943176,
      0.10428328067064285,
      0.10482197254896164,
      0.10660189390182495,
      0.11045162379741669,
      0.11190005391836166,
      0.1297176331281662,
      0.13312290608882904,
      0.13970644772052765,
      0.13983246684074402,
      0.14703981578350067,
      0.15311214327812195,
      0.17707158625125885,
      0.17757633328437805,
      0.18445037305355072,
      0.19108884036540985,
      0.19377076625823975,
      0.19471555948257446,
      0.20410127937793732,
      0.209747776389122,
      0.2172946333885193,
      0.22261710464954376,
      0.22307299077510834,
      0.23136600852012634,
      0.23586687445640564,
      0.24448545277118683,
      0.2559036910533905,
      0.2604997456073761,
      0.2794886529445648,
      0.28281331062316895,
      0.2851268947124481,
      0.3070034682750702,
      0.3078872263431549,
      0.3087775409221649,
      0.311668336391449,
      0.3147868812084198,
      0.31526464223861694,
      0.31559425592422485,
      0.3166426420211792,
      0.3225509226322174,
      0.32270362973213196,
      0.3435249924659729,
      0.34413784742355347,
      0.3482602834701538,
      0.3604520559310913,
      0.36106938123703003,
      0.37690094113349915,
      0.3778627812862396,
      0.38106831908226013,
      0.385664165019989,
      0.4078699052333832,
      0.43860334157943726,
      0.44770321249961853,
      0.4510018825531006,
      0.4543810784816742,
      0.4548180103302002,
      0.45584577322006226,
      0.4729527533054352,
      0.4761752486228943,
      0.48000797629356384,
      0.4905073642730713,
      0.5579073429107666,
      0.5633177757263184,
      0.5869733691215515,
      0.6069396138191223,
      0.6120336651802063,
      0.6181994676589966,
      0.6492483019828796,
      0.6582385301589966,
      0.6618245244026184,
      0.6834542155265808,
      0.691487193107605,
      0.6962640881538391,
      0.7058983445167542,
      0.707970917224884,
      0.7223201394081116,
      0.7522042989730835,
      0.7671346068382263,
      0.770134687423706,
      0.7779134511947632,
      0.7895192503929138,
      0.8093268275260925,
      0.8107841610908508,
      0.879422128200531,
      0.8798112869262695,
      0.8889836668968201,
      0.9311419129371643,
      0.9326434135437012,
      0.9571654796600342
    ]
  }
}