{
  "n_components": 45,
  "n_features_in": 2048,
  "n_cal_knots": 200,
  "cal_min": 1.958169937133789,
  "cal_max": 28.834632873535156,
  "scaler": "standard"
}