{
    "portfolio": [
        "xgb",
        "rf"
    ],
    "max_batch_size": 100000,
    "max_imbalance_ratio": 100,
    "num_batches": 1,
    "population_prior": 0.027088159149747923,
    "batch_priors": [
        0.027088159149747923
    ],
    "decision_cutoff_raw": 0.055558133865635,
    "decision_cutoff_proba": 0.02925531914893617,
    "decision_cutoff_rank": 0.8045280814186953,
    "decision_cutoff_logit": -3.502002080784121,
    "decision_cutoff_lift": 1.0800039599297915
}