{
  "n_components": 45,
  "n_features_in": 2048,
  "n_cal_knots": 200,
  "cal_min": 2.891707420349121,
  "cal_max": 68.97867584228516,
  "scaler": "standard"
}