{
    "portfolio": [
        "lr",
        "xgb",
        "rf",
        "svc"
    ],
    "max_batch_size": 100000,
    "max_imbalance_ratio": 100,
    "num_batches": 1,
    "population_prior": 0.07347670250896057,
    "batch_priors": [
        0.07347670250896057
    ],
    "decision_cutoff_raw": 0.2481532083449439,
    "decision_cutoff_proba": 0.0886837047848477,
    "decision_cutoff_rank": 0.8693895870736087,
    "decision_cutoff_logit": -2.329813871746382,
    "decision_cutoff_lift": 1.2069635919498785
}