{
  "mode": "slow",
  "descriptor_types": [
    "chemeleon",
    "clamp"
  ],
  "n_compounds": 3890,
  "n_actives": 77,
  "ratio_actives": 0.01979434447300771,
  "population_prior": 0.01979434447300771,
  "portfolio": [
    "lr",
    "xgb",
    "rf",
    "svc"
  ],
  "num_batches": {
    "chemeleon": 1,
    "clamp": 1
  },
  "decision_cutoff_raw": 0.09492869915428215,
  "decision_cutoff_proba": 0.016909226501083792,
  "decision_cutoff_rank": 0.9412445358704038,
  "oof_aucs": {
    "chemeleon": 0.9388489821219954,
    "clamp": 0.9488727899428135
  },
  "proxy_aucs": {
    "chemeleon": 0.9127353108470339,
    "clamp": 0.931870123058164
  },
  "train_aucs": {
    "chemeleon": 1.0,
    "clamp": 1.0
  },
  "quality_aucs": {
    "chemeleon": 0.8776979642439908,
    "clamp": 0.8977455798856271
  },
  "active_descriptors": {
    "chemeleon": true,
    "clamp": true
  },
  "ad_hard_cutoffs": {
    "chemeleon": 0.054999999701976776,
    "clamp": 0.054999999701976776
  },
  "rank_error_curves": {
    "chemeleon": [
      [
        0.26582861577546674,
        0.3098926707994961,
        0.3393057167645236,
        0.36329362441807694,
        0.38732240692799985,
        0.40896262292277963,
        0.43081901093387853,
        0.45486539624326244,
        0.4782876381465412,
        0.5012036974888525,
        0.5270823355760523,
        0.5509577067682145,
        0.5756687787760615,
        0.6024936349619264,
        0.6322936065808864,
        0.6699384338868464,
        0.7097321523684681,
        0.7623229430548892,
        0.8492040204644618,
        0.9999253533398142
      ],
      [
        0.007988883794376648,
        0.008098051239112511,
        0.008222843868875335,
        0.00828030426751833,
        0.008342427019900399,
        0.008446555789432006,
        0.008533535737270078,
        0.008622293868693495,
        0.008743714293258249,
        0.00884507371434765,
        0.009017833356343858,
        0.009037543498435656,
        0.009211241678492493,
        0.009600527242382664,
        0.009680999780785878,
        0.010211664863398784,
        0.011356071120944295,
        0.016821980976848915,
        0.02872360522388688,
        0.23285664523770735
      ]
    ],
    "clamp": [
      [
        0.140956913342567,
        0.188191780203245,
        0.2306805748200493,
        0.2667446581913126,
        0.2953626976456829,
        0.32235222443843353,
        0.35172309347512243,
        0.37935443998348534,
        0.4062248084635052,
        0.43341294150376214,
        0.458378092790234,
        0.4847265128123121,
        0.5109315023861801,
        0.5405071508039944,
        0.578591852278438,
        0.624189731860053,
        0.6723958972467784,
        0.7243505930660528,
        0.8199949277231521,
        1.0
      ],
      [
        0.007740188828611058,
        0.007812035171574158,
        0.007887100856472897,
        0.007966389860824789,
        0.008016587833443561,
        0.00812079654727391,
        0.008193630742815584,
        0.008261490553552794,
        0.00836052961563694,
        0.008413521373325194,
        0.008651332721797854,
        0.008988342049943667,
        0.00905611745544297,
        0.009102673252230478,
        0.009504194670593115,
        0.009866528576434197,
        0.010279538453734404,
        0.010765489250912261,
        0.012639994481964146,
        0.20637856514298641
      ]
    ]
  },
  "decision_cutoff_logit": -4.062842039455425,
  "decision_cutoff_lift": 0.8542453388209864
}