{
  "mode": "slow",
  "descriptor_types": [
    "chemeleon",
    "clamp",
    "rdkit"
  ],
  "n_compounds": 3895,
  "n_actives": 498,
  "ratio_actives": 0.12785622593068036,
  "population_prior": 0.12785622593068036,
  "portfolio": [
    "lr",
    "xgb",
    "rf",
    "svc"
  ],
  "num_batches": {
    "chemeleon": 1,
    "clamp": 1,
    "rdkit": 1
  },
  "decision_cutoff_raw": 0.26408832134227966,
  "decision_cutoff_proba": 0.11634396905518617,
  "decision_cutoff_rank": 0.6871397591736574,
  "oof_aucs": {
    "chemeleon": 0.803971257417069,
    "clamp": 0.786415015375012,
    "rdkit": 0.7902915754865206
  },
  "proxy_aucs": {
    "chemeleon": 0.7237776540368126,
    "clamp": 0.7468058870749409,
    "rdkit": 0.7367131168181705
  },
  "train_aucs": {
    "chemeleon": 1.0,
    "clamp": 0.9989738169634677,
    "rdkit": 0.9999940888073933
  },
  "quality_aucs": {
    "chemeleon": 0.607942514834138,
    "clamp": 0.5738562137865564,
    "rdkit": 0.580589062165648
  },
  "active_descriptors": {
    "chemeleon": true,
    "clamp": true,
    "rdkit": true
  },
  "ad_hard_cutoffs": {
    "chemeleon": 0.05000000074505806,
    "clamp": 0.05000000074505806,
    "rdkit": 0.05000000074505806
  },
  "rank_error_curves": {
    "chemeleon": [
      [
        0.02664887465787908,
        0.1477542334928268,
        0.18588346119488286,
        0.22126842290010965,
        0.25161632987125393,
        0.2818485983996327,
        0.3059142265808591,
        0.331712265343224,
        0.35497490724711134,
        0.38008723568706004,
        0.40778081699765417,
        0.4410910723839447,
        0.47528884969658447,
        0.5139907609837033,
        0.5604668066362947,
        0.6191423943031831,
        0.7340728801923287,
        0.8962893039560333,
        0.9410870899719868,
        0.9972890170964843
      ],
      [
        0.05821700069240855,
        0.060659913601547495,
        0.06271860055250086,
        0.06498672618001135,
        0.06726183706319963,
        0.07047304814150715,
        0.07275224115393546,
        0.07522958111567281,
        0.07796810802757177,
        0.08066929869743683,
        0.08410252748988065,
        0.08960044091022584,
        0.09586521485531636,
        0.10271506032161976,
        0.1093948357083773,
        0.12407191414636039,
        0.17273852250708419,
        0.4655711576544734,
        0.4425072780408493,
        0.3846307688964188
      ]
    ],
    "clamp": [
      [
        0.0608999943735165,
        0.17767777305578597,
        0.22629971980403862,
        0.2599511706207831,
        0.28745299409259667,
        0.3190438512389643,
        0.34423998939654654,
        0.37404987532693346,
        0.40279585536742546,
        0.4311730599386194,
        0.46437929349668994,
        0.498581857089853,
        0.5407092945160995,
        0.5827273421456107,
        0.6327776821465385,
        0.694905475806604,
        0.7891734807598815,
        0.860911598617728,
        0.9269323938515655,
        0.9940443719802423
      ],
      [
        0.048569660909559886,
        0.05262229885565515,
        0.057069389069471975,
        0.06238217289302608,
        0.06421289931156803,
        0.06881026346826145,
        0.07158704747677877,
        0.07563622621829713,
        0.08059948992720012,
        0.08428024009744775,
        0.0914700241298241,
        0.09813742154862046,
        0.10588968143316523,
        0.11701647758479776,
        0.13291532322942493,
        0.19820347255776805,
        0.3604202920592529,
        0.4518602329351237,
        0.48155439399017047,
        0.4277096838141905
      ]
    ],
    "rdkit": [
      [
        0.008060554194434303,
        0.09084270335767677,
        0.12836016833581437,
        0.16087427276750646,
        0.19315551288489088,
        0.22660425450547433,
        0.2552420213815543,
        0.29030002826820334,
        0.3263683085451567,
        0.3683083881914272,
        0.4032764645783533,
        0.4422715168232201,
        0.4826779424221592,
        0.5309732469231196,
        0.5819197176135558,
        0.6563389366660064,
        0.7596797729553452,
        0.9376887717978551,
        0.9838480549717556,
        0.9992179623452493
      ],
      [
        0.04669927917888164,
        0.05029923635379504,
        0.05249788989538369,
        0.05427272883146354,
        0.056567792977025785,
        0.05837681273654066,
        0.0599020637426605,
        0.06321945479241743,
        0.06660050420907439,
        0.07261543134814194,
        0.07611570380280393,
        0.08302086946415262,
        0.0897688404705316,
        0.1024937155326974,
        0.11509348638991104,
        0.14769486332713452,
        0.2207291489651259,
        0.3958100364470007,
        0.35610114573182816,
        0.3069531188302551
      ]
    ]
  },
  "decision_cutoff_logit": -2.0275168277520024,
  "decision_cutoff_lift": 0.9099593563653617
}