{
    "portfolio": [
        "lr",
        "xgb",
        "rf",
        "svc"
    ],
    "max_batch_size": 100000,
    "max_imbalance_ratio": 100,
    "num_batches": 2,
    "population_prior": 0.007780082987551867,
    "batch_priors": [
        0.01544004117344313,
        0.01544004117344313
    ],
    "decision_cutoff_raw": 0.12349725012351376,
    "decision_cutoff_proba": 0.015112791230190718,
    "decision_cutoff_rank": 0.942842430484037,
    "decision_cutoff_logit": -4.176985639182144,
    "decision_cutoff_lift": 1.9424974327871802
}