{
    "portfolio": [
        "xgb",
        "rf"
    ],
    "max_batch_size": 100000,
    "max_imbalance_ratio": 100,
    "num_batches": 1,
    "population_prior": 0.02019768994279975,
    "batch_priors": [
        0.02019768994279975
    ],
    "decision_cutoff_raw": 0.1704870873482855,
    "decision_cutoff_proba": 0.022711970050133565,
    "decision_cutoff_rank": 0.8070139060041954,
    "decision_cutoff_logit": -3.761889318698672,
    "decision_cutoff_lift": 1.1244835480916038
}