{
  "task": "classification",
  "format": "onnx",
  "preset_name": "default",
  "use_linear": false,
  "n_features_in": 2029,
  "classes": [
    0,
    1
  ],
  "params": {
    "C": 1.0,
    "kernel": "rbf",
    "gamma": "scale",
    "class_weight": "balanced",
    "max_iter": 2790,
    "tol": 0.001,
    "random_state": 42,
    "use_linear": false
  },
  "profile": {
    "n_samples": 558,
    "n_features": 2029,
    "n_p_ratio": 0.27501232134056186,
    "sparsity": 0.974374261382004,
    "is_sparse_counts": false,
    "binary_feature_fraction": 0.6357811729916215,
    "feature_signal_strength": 0.04454598629564621,
    "feature_signal_p90": 0.0980431732671325,
    "task": "classification",
    "imbalance_ratio": 12.609756097560975,
    "y_skewness": 0.0,
    "y_all_positive": false
  },
  "portfolio_scores": {
    "heuristic": 0.8273684210526315,
    "default": 0.8284210526315791,
    "linear": 0.5912280701754385,
    "balanced_rbf": 0.8305263157894737
  },
  "decision_cutoff_raw": 0.3330030316583684,
  "decision_cutoff_raw_source": "oof_balanced_accuracy",
  "decision_cutoff_proba": 0.08267330282881823,
  "decision_cutoff_rank": 0.8653500897666069,
  "decision_cutoff_logit": -2.4065669457405923,
  "calibrator": {
    "method": "platt",
    "coef": 3.719028141204269,
    "intercept": -3.6450145915844008
  },
  "ranker": {
    "knots": [
      0.16679887562087062,
      0.19210400359245206,
      0.19355029984499847,
      0.19784090049075923,
      0.20646466347565695,
      0.20904975342969118,
      0.20931691774556035,
      0.2094087652601544,
      0.2095345407130097,
      0.20954185005606088,
      0.20985644676736404,
      0.21094757991650326,
      0.21530196280645666,
      0.21813543387465356,
      0.22072772330264923,
      0.2220790892379082,
      0.2224793822667951,
      0.22269556451085087,
      0.22315404679033368,
      0.2236177914245954,
      0.22374822076855802,
      0.22385118163330678,
      0.2244076590278017,
      0.22490449905719667,
      0.22612285408467853,
      0.22668300353823082,
      0.22715664771167063,
      0.22794892140543727,
      0.22819157255397426,
      0.22896168135875672,
      0.2291910622671511,
      0.229821132000072,
      0.23142447361700258,
      0.23225193348644477,
      0.23308933145823474,
      0.23312660404289207,
      0.23362672735046053,
      0.23385339833253313,
      0.23463640659423388,
      0.2366250381089622,
      0.23682172631367018,
      0.23780247501920346,
      0.23781530263532738,
      0.23846193136165364,
      0.238513996695065,
      0.23889993888842398,
      0.23895396956859727,
      0.2394541500415332,
      0.2395527914860999,
      0.2410836073892407,
      0.2411490748380155,
      0.24136441849479418,
      0.24156815818175537,
      0.24184819945176586,
      0.24198100296761957,
      0.2427231873410596,
      0.2430328226317755,
      0.24347870314941247,
      0.24360021961191342,
      0.2443391447380941,
      0.24466252953735576,
      0.24554550419577562,
      0.24558847582487503,
      0.2457792848393386,
      0.24591853555646484,
      0.24628826654132288,
      0.24677372165271155,
      0.24720465933936653,
      0.24744907164251512,
      0.24785302205289592,
      0.24838266460880276,
      0.2487171824881198,
      0.24887568646671854,
      0.24968957794094868,
      0.24970233010572976,
      0.2500531610468231,
      0.2504179173850599,
      0.25045356663713525,
      0.2504639230737011,
      0.2506721176947174,
      0.25123220880248187,
      0.2517495661959789,
      0.2520078222648013,
      0.2524633705016854,
      0.2524856582555815,
      0.25254606541833774,
      0.2527378662452442,
      0.25288299203636444,
      0.25313802270953784,
      0.25324024908843307,
      0.2536661875022662,
      0.2540469691059839,
      0.2552728612247412,
      0.25529486369192395,
      0.2555687650389018,
      0.2556095686655917,
      0.25561405190773573,
      0.25579193953045415,
      0.2559830218513419,
      0.25599108455466224,
      0.25610218234576987,
      0.2561158967237462,
      0.25611801118595523,
      0.2567477418128369,
      0.25686549500264366,
      0.2573857534832148,
      0.2574737031839771,
      0.25789430674926095,
      0.25801426990129567,
      0.25859979579337045,
      0.2586198501689539,
      0.2586545291648826,
      0.25932061008002805,
      0.2593878045285034,
      0.2594485239774389,
      0.2596363514337789,
      0.25987621973137437,
      0.2601880413466237,
      0.2605977957266874,
      0.26108445822950516,
      0.2613015609017369,
      0.26143493188695194,
      0.2616492126431819,
      0.2617004359130583,
      0.26174077945772134,
      0.2623870128825785,
      0.2624417647066721,
      0.2624859518163713,
      0.26252316513358526,
      0.2626730152917218,
      0.2628272328192154,
      0.2629840168185512,
      0.2638493502537811,
      0.26392681649122923,
      0.26405087953148454,
      0.2643351082121345,
      0.26443080810922226,
      0.26479211746212294,
      0.2648377351439139,
      0.2648747047207563,
      0.26549246602496973,
      0.26560571027795454,
      0.26569108975100403,
      0.26581150409133214,
      0.2658915179581219,
      0.26591127484122073,
      0.2659741025947502,
      0.26613564895463576,
      0.2661886260845516,
      0.26621182032982194,
      0.26645502916855585,
      0.26646800916926844,
      0.2665388621453286,
      0.2665580419916786,
      0.26685296761989513,
      0.2668825330454794,
      0.2669407963774289,
      0.2680376083799454,
      0.2680830012661377,
      0.2680863677805839,
      0.268133869280723,
      0.2685702982748441,
      0.2685785918048196,
      0.2687597766867025,
      0.26876409508049576,
      0.2688690876402915,
      0.2690521010889692,
      0.2691078305622074,
      0.2691146068980486,
      0.26919758453908577,
      0.2693271593479175,
      0.26937431772052367,
      0.26941707179625396,
      0.26961493510122997,
      0.26968849993453103,
      0.26971615187110193,
      0.26976783366019674,
      0.26985583894503673,
      0.2698696692077366,
      0.2699797848061245,
      0.27008167106350955,
      0.27028458870056465,
      0.2703776959436,
      0.270394966900891,
      0.27080293462901633,
      0.27096311831531594,
      0.27127362031187296,
      0.2713246098707084,
      0.2719079541880751,
      0.2721881907868304,
      0.2726266343157721,
      0.2728202295371228,
      0.27308600748847267,
      0.27317957819022975,
      0.2732021064475465,
      0.27328380455971935,
      0.2733483270040835,
      0.27342713640879485,
      0.27344707538552676,
      0.2737366585801597,
      0.2738433549751877,
      0.2740027983834598,
      0.2740722570170607,
      0.27472949409350345,
      0.27484984371218396,
      0.2752249520896203,
      0.2754903902925731,
      0.27560492617646704,
      0.27581295849370663,
      0.27599054630746356,
      0.2765615128124788,
      0.2766571293846105,
      0.27682268970388607,
      0.27696270463374284,
      0.27701119784845774,
      0.27705283671370884,
      0.2770623926007123,
      0.2772567865849484,
      0.2773749807370439,
      0.27758417893882875,
      0.27776699814899314,
      0.27783842960258615,
      0.278079241411583,
      0.2780809748125357,
      0.2781431075409234,
      0.2782574399813646,
      0.27835444262764664,
      0.2786288704587317,
      0.2786765749349477,
      0.2787636061918973,
      0.27943409669318553,
      0.27954405883510064,
      0.2795896288614817,
      0.2795970006520608,
      0.2796278248848173,
      0.2798069782618106,
      0.2800122192771589,
      0.2800496643721636,
      0.2802669080863937,
      0.2802820080531128,
      0.2805983029967806,
      0.2806530447357384,
      0.28073324654421394,
      0.28096817656102774,
      0.28098558377637334,
      0.28119016645620104,
      0.28120059518899126,
      0.28120664168186144,
      0.28125276537376215,
      0.2812545462308251,
