{
  "task": "classification",
  "format": "onnx",
  "preset_name": "default",
  "best_iteration": 99,
  "params": {
    "tree_method": "hist",
    "device": "cpu",
    "learning_rate": 0.3,
    "max_depth": 6,
    "min_child_weight": 1,
    "subsample": 1.0,
    "colsample_bytree": 1.0,
    "reg_alpha": 0.0,
    "reg_lambda": 1.0,
    "max_bin": 256,
    "n_estimators": 2000,
    "early_stopping_rounds": 50,
    "nthread": 32,
    "objective": "binary:logistic",
    "scale_pos_weight": 12.6098,
    "max_delta_step": 1,
    "eval_metric": "aucpr"
  },
  "profile": {
    "n_samples": 558,
    "n_features": 2029,
    "n_p_ratio": 0.27501232134056186,
    "sparsity": 0.974374261382004,
    "is_sparse_counts": false,
    "binary_feature_fraction": 0.6357811729916215,
    "feature_signal_strength": 0.04454598630120951,
    "feature_signal_p90": 0.0980431732671325,
    "task": "classification",
    "imbalance_ratio": 12.609756097560975,
    "y_skewness": 0.0,
    "y_all_positive": false
  },
  "portfolio_scores": {
    "flaml": NaN,
    "autogluon": NaN,
    "heuristic": 0.6843908272695085,
    "default": 0.6604949383663283
  },
  "decision_cutoff_raw": 0.010324697010219097,
  "decision_cutoff_raw_source": "oof_balanced_accuracy",
  "decision_cutoff_proba": 0.04749152188874084,
  "decision_cutoff_rank": 0.7755834829443448,
  "decision_cutoff_logit": -2.9985477993083016,
  "calibrator": {
    "method": "platt",
    "coef": 3.8355739698084435,
    "intercept": -3.038148938406857
  },
  "ranker": {
    "knots": [
      3.556849333108403e-05,
      5.004159174859524e-05,
      5.374396641855128e-05,
      5.682895425707102e-05,
      5.984796371194534e-05,
      6.325911090243608e-05,
      6.369792390614748e-05,
      6.605107773793861e-05,
      6.867649790365249e-05,
      7.72116836742498e-05,
      7.737302803434432e-05,
      7.909994019428268e-05,
      8.042060653679073e-05,
      8.244714263128117e-05,
      8.31956131150946e-05,
      8.549678750569001e-05,
      8.763952791923657e-05,
      8.840722148306668e-05,
      8.880865789251402e-05,
      8.885372517397627e-05,
      9.059318108484149e-05,
      9.487960778642446e-05,
      9.740319364937022e-05,
      9.772938210517168e-05,
      9.873108501778916e-05,
      0.00010083238885272294,
      0.00010618658416206017,
      0.00010626183939166367,
      0.00010690336057450622,
      0.0001075695690815337,
      0.0001143286790465936,
      0.00011442422692198306,
      0.00011682650801958516,
      0.00011900496610905975,
      0.00012404921289999038,
      0.000125356629723683,
      0.00012572390551213175,
      0.00012622663052752614,
      0.00012761283142026514,
      0.00012766638246830553,
      0.00012924142356496304,
      0.00013587222201749682,
      0.00013659226533491164,
      0.00013801002933178097,
      0.0001382743939757347,
      0.0001403727219440043,
      0.00014482384722214192,
      0.0001493991439929232,
      0.00015013832307886332,
      0.00015634628653060645,
      0.00015677233750466257,
      0.0001591017353348434,
      0.0001593403867445886,
      0.00016137199418153614,
      0.00016411830438300967,
      0.00016980762302409858,
      0.00017002214735839516,
      0.00017278757877647877,
      0.00017322837084066123,
      0.00018250176799483597,
      0.00019195221830159426,
      0.00019356777193024755,
      0.00019560381770133972,
      0.0001965589908650145,
      0.0001966277923202142,
      0.00019669736502692103,
      0.0001967860880540684,
      0.00020056289213243872,
      0.0002041636180365458,
      0.0002053326170425862,
      0.00020668045908678323,
      0.00020934466738253832,
      0.00021547348296735436,
      0.00021892918448429555,
      0.00022111026919446886,
      0.0002293850848218426,
      0.00023170873464550823,
      0.00023587320174556226,
      0.00023616914404556155,
      0.00023948174202814698,
      0.00024176282749976963,
      0.0002460997784510255,
      0.00025706205633468926,
      0.00025794198154471815,
      0.00026556127704679966,
      0.00026641893782652915,
      0.000270786986220628,
      0.0002792237210087478,
      0.0002811068552546203,
      0.000283092784229666,
      0.0002846172428689897,
      0.0002849028678610921,
      0.0002885572030209005,
      0.00029447805718518794,
      0.00029627358890138566,
      0.00030807332950644195,
      0.0003087816876359284,
      0.0003127902455162257,
      0.000315237877657637,
      0.00031961986678652465,
      0.00032065881532616913,
      0.00032244971953332424,
      0.0003245169064030051,
      0.0003298915980849415,
      0.00033030699705705047,
      0.00034095911541953683,
      0.00035101352841593325,
      0.0003564246871974319,
      0.0003670133592095226,
      0.00037241235258989036,
      0.0003818914119619876,
      0.0003882472519762814,
      0.00038951882743276656,
      0.00039310986176133156,
      0.00039353020838461816,
      0.00039801953244023025,
      0.00040780322160571814,
      0.0004086128028575331,
      0.0004122015670873225,
      0.00042167236097157,
      0.00043648912105709314,
      0.0004369601665530354,
      0.0004369908128865063,
      0.0004398768942337483,
      0.00044031633296981454,
      0.00044463438098318875,
      0.00044672313379123807,
      0.0004477853362914175,
      0.00045072956709191203,
      0.0004555368795990944,
      0.0004569370357785374,
      0.00045722699724137783,
      0.00045781731023453176,
      0.00046034957631491125,
      0.0004620421095751226,
      0.0004638480895664543,
      0.0004638733225874603,
      0.00046599042252637446,
      0.00047302417806349695,
      0.0004741728480439633,
      0.0004801168688572943,
      0.00048338278429582715,
      0.00048565579345449805,
      0.0005038160597905517,
      0.0005067694582976401,
      0.0005113797378726304,
      0.0005291285924613476,
      0.0005361922667361796,
      0.0005545660387724638,
      0.0005562378210015595,
      0.000556600047275424,
      0.0005598035058937967,
      0.0005599806900136173,
      0.0005658711306750774,
      0.0005769215058535337,
      0.0005773142911493778,
      0.0005777080659754574,
      0.0005923829739913344,
      0.0005944502190686762,
      0.0005967850447632372,
      0.0005983413429930806,
      0.0005995204555802047,
      0.0006125668878667057,
      0.0006163045181892812,
      0.0006484640762209892,
      0.0006566888187080622,
      0.0006621828651987016,
      0.0006641076761297882,
      0.0006654980243183672,
      0.0006708605214953423,
      0.0006869565695524216,
      0.0006883390597067773,
      0.0006930273375473917,
      0.000704115373082459,
      0.0007050913409329951,
      0.0007081027142703533,
      0.0007211087504401803,
      0.0007261750288307667,
      0.0007393682026304305,
      0.0007442377391271293,
      0.0007456259336322546,
      0.000750976032577455,
      0.0007561792153865099,
      0.0007616988150402904,
      0.0007667288882657886,
      0.0007703416049480438,
      0.0007709460332989693,
      0.0007710767677053809,
      0.0007774989935569465,
      0.0007781112217344344,
      0.0007794348057359457,
      0.0007963971002027392,
      0.0008192615932784975,
      0.0008195629925467074,
      0.0008195684640668333,
      0.0008211679523810744,
      0.0008244789787568152,
      0.0008255433640442789,
      0.0008292224956676364,
      0.0008362397202290595,
      0.0008581438451074064,
      0.0008614684920758009,
      0.000877035316079855,
      0.0008803641539998353,
      0.0008811723091639578,
      0.000887414556927979,
      0.0008922474225983024,
      0.0008943978464230895,
      0.0008964267326518893,
      0.000905496533960104,
      0.000907953130081296,
      0.0009131238330155611,
      0.0009155414300039411,
      0.0009336699731647968,
      0.0009371101041324437,
      0.0009458618587814271,
      0.000948031316511333,
      0.0009504256304353476,
      0.0009547789813950658,
      0.0009555980795994401,
      0.0009577861055731773,
