{
    "portfolio": [
        "xgb",
        "rf"
    ],
    "max_batch_size": 100000,
    "max_imbalance_ratio": 100,
    "num_batches": 1,
    "population_prior": 0.020957093688375,
    "batch_priors": [
        0.020957093688375
    ],
    "decision_cutoff_raw": 0.05441455406571485,
    "decision_cutoff_proba": 0.023979445212321926,
    "decision_cutoff_rank": 0.8202552010718585,
    "decision_cutoff_logit": -3.706286632525646,
    "decision_cutoff_lift": 1.1442161574924599
}