{
  "mode": "slow",
  "descriptor_types": [
    "chemeleon",
    "clamp"
  ],
  "n_compounds": 3907,
  "n_actives": 727,
  "ratio_actives": 0.18607627335551574,
  "population_prior": 0.18607627335551574,
  "portfolio": [
    "lr",
    "xgb",
    "rf",
    "svc"
  ],
  "num_batches": {
    "chemeleon": 1,
    "clamp": 1
  },
  "decision_cutoff_raw": 0.3287301761886551,
  "decision_cutoff_proba": 0.21537674077790575,
  "decision_cutoff_rank": 0.6710189452124936,
  "oof_aucs": {
    "chemeleon": 0.7988243232721706,
    "clamp": 0.8089745918870521
  },
  "proxy_aucs": {
    "chemeleon": 0.7120971858157501,
    "clamp": 0.7656709316308081
  },
  "train_aucs": {
    "chemeleon": 0.9969172008685647,
    "clamp": 0.99999480937427
  },
  "quality_aucs": {
    "chemeleon": 0.6007314456757764,
    "clamp": 0.6179543743998342
  },
  "active_descriptors": {
    "chemeleon": true,
    "clamp": true
  },
  "ad_hard_cutoffs": {
    "chemeleon": 0.054999999701976776,
    "clamp": 0.05150001496076584
  },
  "rank_error_curves": {
    "chemeleon": [
      [
        0.021436222672566167,
        0.10890352012545745,
        0.15248459173294143,
        0.18912552035519864,
        0.22418554144248437,
        0.25543899337465525,
        0.2907504616597185,
        0.3234167222047377,
        0.35348218043528906,
        0.3886625908200809,
        0.42482362327499706,
        0.4620264455274165,
        0.5089631206791974,
        0.5605655730665762,
        0.6304881921875791,
        0.7419538393531023,
        0.8318541404970607,
        0.8882108508710691,
        0.9343269457014354,
        0.9965409846843885
      ],
      [
        0.04465962187128288,
        0.05406417799996498,
        0.06355055833542621,
        0.06992498764814987,
        0.07732763930218055,
        0.0833337918297226,
        0.09079723795213711,
        0.09635724132316897,
        0.10404310346504403,
        0.11485411726759943,
        0.12211493970806771,
        0.13597929992172644,
        0.15178966799113938,
        0.17047294258978912,
        0.19900703670152384,
        0.3750385911347816,
        0.5157451510426259,
        0.4811084765586662,
        0.427246757980659,
        0.34961226940356105
      ]
    ],
    "clamp": [
      [
        0.03465004795490041,
        0.13410155199653417,
        0.17015591688766984,
        0.20184358302737526,
        0.2351968952836682,
        0.2620144924125496,
        0.29039957279259315,
        0.3214271007246494,
        0.3492280140638083,
        0.37913391548473335,
        0.40968985425417975,
        0.4448236792918764,
        0.48556936091930664,
        0.5293240352268709,
        0.5910685414626826,
        0.6955084098540242,
        0.8237958230076337,
        0.8960626959367585,
        0.9365400362360387,
        0.9985986687324924
      ],
      [
        0.04451121220083293,
        0.05164140387162514,
        0.056523440920858654,
        0.061855348023235335,
        0.06817571222537522,
        0.07491199170904832,
        0.07995336409945375,
        0.08856419657077609,
        0.09705652078464229,
        0.10352476453707282,
        0.11313807969245827,
        0.12682732999788218,
        0.1449402866778878,
        0.16323286319546987,
        0.19607272554978564,
        0.30809805313321853,
        0.47281783761542034,
        0.44065370979119056,
        0.37460619945041096,
        0.29754478423982506
      ]
    ]
  },
  "decision_cutoff_logit": -1.2928149006645244,
  "decision_cutoff_lift": 1.1574648228600795
}