{
  "n_components": 27,
  "n_features_in": 768,
  "n_cal_knots": 200,
  "cal_min": 2.3285157680511475,
  "cal_max": 14.379780769348145,
  "scaler": "standard"
}