{
    "portfolio": [
        "xgb",
        "rf"
    ],
    "max_batch_size": 100000,
    "max_imbalance_ratio": 100,
    "num_batches": 4,
    "population_prior": 0.002731336885296099,
    "batch_priors": [
        0.010836289421254678,
        0.010836289421254678,
        0.010836816017105648,
        0.010836816017105648
    ],
    "decision_cutoff_raw": 0.027757406895622283,
    "decision_cutoff_proba": 0.006978888044974467,
    "decision_cutoff_rank": 0.9112499446128116,
    "decision_cutoff_logit": -4.957862326393486,
    "decision_cutoff_lift": 2.555118001936952
}