{
  "mode": "slow",
  "descriptor_types": [
    "chemeleon",
    "clamp",
    "morgan"
  ],
  "n_compounds": 81643,
  "n_actives": 1711,
  "ratio_actives": 0.020957093688375,
  "population_prior": 0.020957093688375,
  "portfolio": [
    "xgb",
    "rf"
  ],
  "num_batches": {
    "chemeleon": 1,
    "clamp": 1,
    "morgan": 1
  },
  "decision_cutoff_raw": 0.10716335602079351,
  "decision_cutoff_proba": 0.02313153878755746,
  "decision_cutoff_rank": 0.8247848496597149,
  "oof_aucs": {
    "chemeleon": 0.8513250143393364,
    "clamp": 0.8625282249701844,
    "morgan": 0.8455161609752861
  },
  "proxy_aucs": {
    "chemeleon": 0.7526761277184966,
    "clamp": 0.7980915682187251,
    "morgan": 0.760999395511901
  },
  "train_aucs": {
    "chemeleon": 0.9999566112785582,
    "clamp": 1.0,
    "morgan": 0.9962545859772741
  },
  "quality_aucs": {
    "chemeleon": 0.7026934174001146,
    "clamp": 0.7250564499403689,
    "morgan": 0.6947777359732982
  },
  "active_descriptors": {
    "chemeleon": true,
    "clamp": true,
    "morgan": true
  },
  "ad_hard_cutoffs": {
    "chemeleon": 0.05000000074505806,
    "clamp": 0.05000000074505806,
    "morgan": 0.05000000074505806
  },
  "rank_error_curves": {
    "chemeleon": [
      [
        0.0030626837959892134,
        0.13582934170616426,
        0.19515388589029795,
        0.24293618924535396,
        0.287429810624262,
        0.3267366565902603,
        0.3633214709060123,
        0.3992231724201629,
        0.4338483260370988,
        0.4696658693254458,
        0.5069735096796311,
        0.5457917847905815,
        0.585993568566587,
        0.6280875987730561,
        0.6735547153126047,
        0.7275253151998295,
        0.7851947160499537,
        0.8533583517650093,
        0.9325257288319393,
        0.999999051804676
      ],
      [
        0.0029438848130708575,
        0.003709237342868742,
        0.004638594458970851,
        0.005200065462570649,
        0.0056677473609092945,
        0.006144036669427724,
        0.006730028803323671,
        0.007399460079670893,
        0.008190510165965692,
        0.009122585576218672,
        0.01010648917147804,
        0.011111636066466382,
        0.012252088898773566,
        0.01376303240586166,
        0.016001384347633176,
        0.018964338514974862,
        0.023727339975605492,
        0.03255351812749409,
        0.07217062531818265,
        0.24919186272396912
      ]
    ],
    "clamp": [
      [
        0.0021882083182935943,
        0.11401162299743381,
        0.17764429637556373,
        0.22876197854676705,
        0.27377810205713876,
        0.3145880904835729,
        0.3524778644795171,
        0.388388134691544,
        0.4237529988307036,
        0.45821339832563923,
        0.49400132130965724,
        0.5311967499223984,
        0.5710396801519668,
        0.6146803821252286,
        0.6622724151099605,
        0.7148783474524378,
        0.7755776014819777,
        0.8460599135546159,
        0.9288427088748132,
        1.0
      ],
      [
        0.002721119957933362,
        0.003575369171816398,
        0.004088321236269632,
        0.004583785580351204,
        0.00512439902122056,
        0.005615949284397614,
        0.006090410673419794,
        0.006564797459281861,
        0.0071755072711261,
        0.007964945802989955,
        0.00869799697357273,
        0.009357733630193323,
        0.010409435693778337,
        0.0113567228783299,
        0.012961262554246025,
        0.01527050086480541,
        0.018890087846829058,
        0.02759833610538807,
        0.06976708540306573,
        0.24361826605794726
      ]
    ],
    "morgan": [
      [
        0.002127308531345069,
        0.10390151310626072,
        0.1642497011951201,
        0.21453441506291554,
        0.2595749761220193,
        0.30175577959638533,
        0.3427651742054423,
        0.3854181419061843,
        0.42797585186607534,
        0.4708119953141566,
        0.5143504549320153,
        0.5594174100082937,
        0.6064275068461562,
        0.6547108085682394,
        0.7044171635899563,
        0.7587703720094496,
        0.8150609699240036,
        0.8771239997239725,
        0.9456598396164277,
        0.9999724661086006
      ],
      [
        0.0031763199557147894,
        0.003622115474483842,
        0.003935754663379084,
        0.00444865000473484,
        0.004962057204916599,
        0.00549948754414488,
        0.006147649060380389,
        0.006837334341959794,
        0.007620811377749462,
        0.008521987704937332,
        0.009535996446113316,
        0.010749204487097735,
        0.012222488154462386,
        0.013953636073579606,
        0.016404407394982383,
        0.01990126123389451,
        0.025823097299247803,
        0.037580986487738,
        0.11088230441794382,
        0.5137702618072115
      ]
    ]
  },
  "decision_cutoff_logit": -3.7431550057660896,
  "decision_cutoff_lift": 1.1037569966291956
}