{
  "n_components": 45,
  "n_features_in": 2048,
  "n_cal_knots": 200,
  "cal_min": 2.5420353412628174,
  "cal_max": 56.70753860473633,
  "scaler": "standard"
}