{
  "n_components": 14,
  "n_features_in": 217,
  "n_cal_knots": 200,
  "cal_min": 1.3149125576019287,
  "cal_max": 17.34442901611328,
  "scaler": "standard"
}