{
  "n_components": 45,
  "n_features_in": 2048,
  "n_cal_knots": 200,
  "cal_min": 1.9289087057113647,
  "cal_max": 28.726207733154297,
  "scaler": "standard"
}