{
  "n_components": 27,
  "n_features_in": 768,
  "n_cal_knots": 200,
  "cal_min": 2.3284366130828857,
  "cal_max": 14.37979793548584,
  "scaler": "standard"
}