{
  "mode": "slow",
  "descriptor_types": [
    "chemeleon",
    "rdkit",
    "clamp"
  ],
  "n_compounds": 4041,
  "n_actives": 26,
  "ratio_actives": 0.006434050977480821,
  "population_prior": 0.006434050977480821,
  "portfolio": [
    "lr",
    "xgb",
    "rf",
    "svc"
  ],
  "num_batches": {
    "chemeleon": 2,
    "rdkit": 2,
    "clamp": 2
  },
  "decision_cutoff_raw": 0.08815515659356916,
  "decision_cutoff_proba": 0.012105014202243648,
  "decision_cutoff_rank": 0.9238745257333179,
  "oof_aucs": {
    "chemeleon": 0.9685034678273605,
    "rdkit": 0.9738774101402065,
    "clamp": 0.9211382928292198
  },
  "proxy_aucs": {
    "chemeleon": 0.9200073964497042,
    "rdkit": 0.937914201183432,
    "clamp": 0.8937573964497041
  },
  "train_aucs": {
    "chemeleon": 1.0,
    "rdkit": 1.0,
    "clamp": 1.0
  },
  "quality_aucs": {
    "chemeleon": 0.937006935654721,
    "rdkit": 0.9477548202804129,
    "clamp": 0.8422765856584395
  },
  "active_descriptors": {
    "chemeleon": true,
    "rdkit": true,
    "clamp": true
  },
  "ad_hard_cutoffs": {
    "chemeleon": 0.05000000074505806,
    "rdkit": 0.05000000074505806,
    "clamp": 0.05000000074505806
  },
  "rank_error_curves": {
    "chemeleon": [
      [
        0.31987318838678075,
        0.3420447238029369,
        0.3570093540592304,
        0.37483159438080355,
        0.39121287691070816,
        0.4072402006234044,
        0.4256517944868467,
        0.4476120429909321,
        0.4732004303792182,
        0.4983195196933169,
        0.5281207496139522,
        0.5610640557091853,
        0.5934302552925307,
        0.6297046311142405,
        0.6694220016432837,
        0.7041062396858764,
        0.7459144064089759,
        0.7924029019347305,
        0.8607153719359413,
        0.9998561087439234
      ],
      [
        0.003995145170338357,
        0.004047864783178463,
        0.004085623541060782,
        0.004122915774833624,
        0.004153479886507796,
        0.004185966824198962,
        0.004215674012222811,
        0.004228211637413961,
        0.0042597359252306575,
        0.004306743571036531,
        0.004341391306324053,
        0.004394175872385195,
        0.0044253733831424525,
        0.0045264236391478994,
        0.004582090171348887,
        0.004649384797643327,
        0.004852138942386489,
        0.005036818980825573,
        0.00801476316761158,
        0.20747819945217927
      ]
    ],
    "rdkit": [
      [
        0.24994932420306498,
        0.2644844450702165,
        0.2826846250602003,
        0.30861962331406473,
        0.335138150238367,
        0.3603503027756241,
        0.387058078016287,
        0.41491652382901106,
        0.44271906416400275,
        0.47607034513051044,
        0.5075508386227062,
        0.5425128113756159,
        0.5835695883425601,
        0.6221678227067249,
        0.6599332253425276,
        0.7064495591341875,
        0.7554455647794039,
        0.809847235496674,
        0.8758422524075596,
        0.999906371303505
      ],
      [
        0.004317685400402151,
        0.004410670197132679,
        0.004477926402729933,
        0.004552293789224333,
        0.004625152125603243,
        0.004693478089588254,
        0.004751728749901876,
        0.0048126718439417985,
        0.004862950431829904,
        0.004919507841524059,
        0.004992856820972179,
        0.0050747354648170775,
        0.005157706348758894,
        0.005229083232431986,
        0.005320084456187185,
        0.005449405496103616,
        0.0055699415105641935,
        0.005771127357371304,
        0.006142693110124038,
        0.18933711846258278
      ]
    ],
    "clamp": [
      [
        0.17116637364137793,
        0.21375808342476002,
        0.24379549057978034,
        0.26771875003186396,
        0.2911347555285105,
        0.3149751433114705,
        0.33846542722781053,
        0.3666005896211876,
        0.3941758231657142,
        0.42063061975429117,
        0.4455201125201972,
        0.47589228840100295,
        0.5036387367403672,
        0.5361367334755363,
        0.5793772237770107,
        0.6185384259619346,
        0.6688352395699151,
        0.7345287228669914,
        0.8234626468593529,
        0.9998143375358204
      ],
      [
        0.003870785899838653,
        0.003964683324293564,
        0.004016927724390939,
        0.00406034549314842,
        0.004122951201410506,
        0.004142322271969113,
        0.004212368519584692,
        0.0042522109947969065,
        0.004281281558726398,
        0.004353741360738875,
        0.004381445517554864,
        0.0044366304959132545,
        0.004460142271027965,
        0.004506981734418253,
        0.004548275275748473,
        0.004692455067077138,
        0.004800767980552096,
        0.0050049702916885605,
        0.006090503740732143,
        0.19816609788501943
      ]
    ]
  },
  "decision_cutoff_logit": -4.4019566387766735,
  "decision_cutoff_lift": 1.8813985535102533
}