{
  "n_components": 27,
  "n_features_in": 768,
  "n_cal_knots": 200,
  "cal_min": 2.328874111175537,
  "cal_max": 14.379371643066406,
  "scaler": "standard"
}