{
    "portfolio": [
        "xgb",
        "rf"
    ],
    "max_batch_size": 100000,
    "max_imbalance_ratio": 100,
    "num_batches": 2,
    "population_prior": 0.006540495407737267,
    "batch_priors": [
        0.0129959905986451,
        0.0129959905986451
    ],
    "decision_cutoff_raw": 0.014254459357089015,
    "decision_cutoff_proba": 0.012601293156791704,
    "decision_cutoff_rank": 0.8118431969026548,
    "decision_cutoff_logit": -4.36127447598283,
    "decision_cutoff_lift": 1.9266572898873444
}