{
  "mode": "slow",
  "descriptor_types": [
    "chemeleon",
    "clamp",
    "morgan"
  ],
  "n_compounds": 3892,
  "n_actives": 325,
  "ratio_actives": 0.08350462487153135,
  "population_prior": 0.08350462487153135,
  "portfolio": [
    "lr",
    "xgb",
    "rf",
    "svc"
  ],
  "num_batches": {
    "chemeleon": 1,
    "clamp": 1,
    "morgan": 1
  },
  "decision_cutoff_raw": 0.09296450334318636,
  "decision_cutoff_proba": 0.06666290500607107,
  "decision_cutoff_rank": 0.7441745909363489,
  "oof_aucs": {
    "chemeleon": 0.8293959586810723,
    "clamp": 0.8207603890362511,
    "morgan": 0.8128942658126846
  },
  "proxy_aucs": {
    "chemeleon": 0.7281576847598715,
    "clamp": 0.7668137413469625,
    "morgan": 0.7283004463996895
  },
  "train_aucs": {
    "chemeleon": 1.0,
    "clamp": 1.0,
    "morgan": 1.0
  },
  "quality_aucs": {
    "chemeleon": 0.6587919173621446,
    "clamp": 0.6415207780725023,
    "morgan": 0.6257885316253693
  },
  "active_descriptors": {
    "chemeleon": true,
    "clamp": true,
    "morgan": true
  },
  "ad_hard_cutoffs": {
    "chemeleon": 0.05275001376867294,
    "clamp": 0.05275001376867294,
    "morgan": 0.05000000074505806
  },
  "rank_error_curves": {
    "chemeleon": [
      [
        0.009607811050063938,
        0.1312289437676044,
        0.17381748899650984,
        0.20737536910295593,
        0.24210575178261362,
        0.27154679126728715,
        0.30006589431559716,
        0.32686843519377645,
        0.35848445567257137,
        0.3861664166335165,
        0.4130379138652862,
        0.44294275007179695,
        0.4799416919221035,
        0.5172430212547364,
        0.5626340505583711,
        0.617985191558709,
        0.6793679686116659,
        0.7992572856793105,
        0.9867417588662284,
        0.9999862604818023
      ],
      [
        0.04349682533590799,
        0.04402285773658174,
        0.04449810044099297,
        0.04497921158294597,
        0.0454230800556887,
        0.046047915464044874,
        0.04667869337776074,
        0.04797084655786549,
        0.0493877743939441,
        0.05010452409425153,
        0.05135566229410561,
        0.05561065446494027,
        0.05930995106835044,
        0.05933600603326618,
        0.06917739294401636,
        0.07507000574725285,
        0.08926513304004664,
        0.1467814091429916,
        0.4335672058666007,
        0.39730681229902587
      ]
    ],
    "clamp": [
      [
        0.1660592401420957,
        0.22257914758584763,
        0.2522362303308695,
        0.27796342229901927,
        0.30231877640495597,
        0.32590146343300186,
        0.34979113867528033,
        0.3703069589574046,
        0.39287182225625267,
        0.41552417126794405,
        0.44089677097749813,
        0.46633895385652946,
        0.49325995615989215,
        0.5267383715402444,
        0.5592067694405402,
        0.6020967179041891,
        0.6705095969188843,
        0.7948878822532119,
        0.9774983886966881,
        0.9997553883019982
      ],
      [
        0.04743163898802718,
        0.04770816098182212,
        0.047904149856965096,
        0.048158253531196946,
        0.048623764647504175,
        0.04878912688442011,
        0.048846524271440074,
        0.04971100070872883,
        0.0510442785636189,
        0.051864623884431346,
        0.05347415177933042,
        0.05531997135583561,
        0.05887965757952027,
        0.05908909740804456,
        0.06552093522875016,
        0.07281342730853425,
        0.08271153662092941,
        0.167027844428337,
        0.42221342734647915,
        0.40681758541028407
      ]
    ],
    "morgan": [
      [
        0.02407680545254511,
        0.11538817330832005,
        0.16749537152631072,
        0.2143125129892711,
        0.2545037929289327,
        0.29103106633915415,
        0.32569501194004097,
        0.35864836288467516,
        0.38699422291584923,
        0.42143343535139394,
        0.4555471312742225,
        0.4910384624035711,
        0.5266432978809407,
        0.5674434799780208,
        0.6076748833373302,
        0.6559024526553182,
        0.7162190246915652,
        0.8255037804180945,
        0.9696973791961965,
        0.9999356869193765
      ],
      [
        0.04163896454622237,
        0.0421643445847037,
        0.04259369691763688,
        0.043310765641661454,
        0.043940143049418456,
        0.04475176179450297,
        0.04566046319087731,
        0.046749638698100865,
        0.047440698280678095,
        0.04942511355049682,
        0.04989310566122879,
        0.05142079786757726,
        0.05395991195232533,
        0.05752046281220436,
        0.0610624968233186,
        0.06619460535269928,
        0.07746936193461625,
        0.1681742978778596,
        0.49207008478282566,
        0.4427667919690714
      ]
    ]
  },
  "decision_cutoff_logit": -2.639117786458654,
  "decision_cutoff_lift": 0.7983139270265496
}