{
    "portfolio": [
        "xgb",
        "rf"
    ],
    "max_batch_size": 100000,
    "max_imbalance_ratio": 100,
    "num_batches": 1,
    "population_prior": 0.027088159149747923,
    "batch_priors": [
        0.027088159149747923
    ],
    "decision_cutoff_raw": 0.05573219504213693,
    "decision_cutoff_proba": 0.028423176175681727,
    "decision_cutoff_rank": 0.8290347246598853,
    "decision_cutoff_logit": -3.5317154683318828,
    "decision_cutoff_lift": 1.0492841546948097
}