{
  "n_components": 45,
  "n_features_in": 2048,
  "n_cal_knots": 200,
  "cal_min": 1.8006362915039062,
  "cal_max": 10.175765991210938,
  "scaler": "standard"
}