{
  "task": "classification",
  "format": "onnx",
  "preset_name": "default",
  "use_linear": false,
  "n_features_in": 768,
  "classes": [
    0,
    1
  ],
  "params": {
    "C": 1.0,
    "kernel": "rbf",
    "gamma": "scale",
    "class_weight": "balanced",
    "max_iter": 2790,
    "tol": 0.001,
    "random_state": 42,
    "use_linear": false
  },
  "profile": {
    "n_samples": 558,
    "n_features": 768,
    "n_p_ratio": 0.7265625,
    "sparsity": 0.0,
    "is_sparse_counts": false,
    "binary_feature_fraction": 0.0,
    "feature_signal_strength": 0.0961373807072956,
    "feature_signal_p90": 0.19012208996070445,
    "task": "classification",
    "imbalance_ratio": 12.609756097560975,
    "y_skewness": 0.0,
    "y_all_positive": false
  },
  "portfolio_scores": {
    "heuristic": 0.7898245614035088,
    "default": 0.7873684210526316,
    "linear": 0.7410526315789474,
    "balanced_rbf": 0.7905263157894737
  },
  "decision_cutoff_raw": 0.3169316650604552,
  "decision_cutoff_raw_source": "oof_balanced_accuracy",
  "decision_cutoff_proba": 0.07686161414696185,
  "decision_cutoff_rank": 0.7791741472172352,
  "decision_cutoff_logit": -2.4857725677184552,
  "calibrator": {
    "method": "platt",
    "coef": 5.348606987584551,
    "intercept": -4.1809154860476125
  },
  "ranker": {
    "knots": [
      0.14677295234195029,
      0.16411455425569244,
      0.16603732192460954,
      0.16777124299206564,
      0.1720832603670773,
      0.17436089933898333,
      0.1752057583890646,
      0.17686616855927612,
      0.17956670676951417,
      0.18175542975685677,
      0.1819858851774856,
      0.18202410633655014,
      0.18537774066285767,
      0.1855971387370588,
      0.18613596120318504,
      0.1863291408646106,
      0.18799887149801278,
      0.18918469094222276,
      0.18930487094993365,
      0.19115173836830535,
      0.19128621054450903,
      0.1923034963746069,
      0.19341073028290878,
      0.19360433247970776,
      0.19363442580865453,
      0.19422696863504454,
      0.19517084656408845,
      0.19549461518216302,
      0.19577907542447068,
      0.19710926545815244,
      0.19739637035329846,
      0.19862592591077266,
      0.19917603911518872,
      0.19974255978812655,
      0.19982969724987482,
      0.20003925573818163,
      0.20033256219144782,
      0.2004684534060133,
      0.2008305755023044,
      0.20118789091374967,
      0.201328462214996,
      0.2017025472199966,
      0.20193077599009457,
      0.2025113634644113,
      0.20378914930828207,
      0.2038365826881178,
      0.20393290282124243,
      0.20455870065443177,
      0.2050678009626915,
      0.2052471855275863,
      0.20579075260709612,
      0.2058389411987195,
      0.20637891404278436,
      0.20762078801103992,
      0.20771600798504308,
      0.20827167606054972,
      0.20832232155926209,
      0.20838635827099924,
      0.2086777943969282,
      0.20880102020619562,
      0.20901175235478864,
      0.20913978202522102,
      0.2098497495801528,
      0.21033284353275383,
      0.21109699085017694,
      0.2111046227545866,
      0.2117583881952737,
      0.21190306030895154,
      0.21225077088421682,
      0.21525711780844428,
      0.21577688913032572,
      0.215959711829101,
      0.21633346774733805,
      0.21659194602479073,
      0.21729015251619738,
      0.21803648501088985,
      0.21804662209875636,
      0.21864673494924564,
      0.21923189799185858,
      0.219254331841137,
      0.21972583816252741,
      0.21986078933325173,
      0.2199121242213719,
      0.2200616991862181,
      0.22029274388349138,
      0.220846488032656,
      0.221097480373506,
      0.22124431608409573,
      0.22126990295124385,
      0.2222641177932209,
      0.22263725505836696,
      0.22276604695147076,
      0.22282261639257722,
      0.2236407840868592,
      0.22365415024081176,
      0.22398000975945195,
      0.22401098137242603,
      0.22414442909034138,
      0.22467472164866176,
      0.2247631006042263,
      0.225198138210706,
      0.22789647200174365,
      0.22789897564194592,
      0.22884912019516246,
      0.2289658080282334,
      0.22900410551979464,
      0.22926323264527004,
      0.22981521629835355,
      0.23005814919062198,
      0.23024362280467475,
      0.2308502031097365,
      0.23110833290598626,
      0.23165048652814352,
      0.23204123770742088,
      0.23340921905052442,
      0.23389269815390537,
      0.23396097724292095,
      0.23415436403262702,
      0.23422756991259114,
      0.2342353943528374,
      0.23448014494180522,
      0.23473756473648377,
      0.23479588118008382,
      0.2352412504694158,
      0.23554760699878163,
      0.23560579454388023,
      0.23637985010894907,
      0.23639258985670092,
      0.23640459385861556,
      0.23659277366205658,
      0.23670998903153817,
      0.2369605803865427,
      0.23737805852506993,
      0.2377322408581705,
      0.238085653396885,
      0.2387281735096591,
      0.23876054351735224,
      0.23923727267151576,
      0.23974668828784523,
      0.23979765230037892,
      0.23995059100387683,
      0.23999334049123888,
      0.2403844190174508,
      0.2404093459077863,
      0.24071129041424788,
      0.24087332393089206,
      0.24091678083161344,
      0.24135122324060845,
      0.24166174423044517,
      0.2417369329101684,
      0.2418458958942807,
      0.24187865433456246,
      0.24254751319655948,
      0.2425533044526615,
      0.24311640264719905,
      0.24336021876232813,
      0.24353592753487066,
      0.24387753499733159,
      0.24392968556813532,
      0.2440092330809266,
      0.2440125868159364,
      0.24401997582565543,
      0.24419927330901162,
      0.24446929170763895,
      0.2445235570148834,
      0.2449146033102806,
      0.24505096156686323,
      0.2450715915328621,
      0.2450958951479766,
      0.24538427438767568,
      0.24585635643076434,
      0.2462929349093095,
      0.2463964852625297,
      0.24668123953084328,
      0.2475024517365682,
      0.24757546213683398,
      0.2481055342258127,
      0.248255266728816,
      0.24825890464310674,
      0.2483547020794362,
      0.24869312788941877,
      0.24876898149235424,
      0.24883226825690338,
      0.24910125912791936,
      0.24921896604718646,
      0.24944709517857167,
      0.24948813205516043,
      0.24978008797030654,
      0.24989548004486395,
      0.251038960813308,
      0.251344450764293,
      0.2515630296331273,
      0.25168971629709674,
      0.2517098036357979,
      0.25251986493309636,
      0.25270742787368117,
      0.25282967334583084,
      0.2531924326597257,
      0.25346393051973676,
      0.2538282220282393,
      0.25387640751109847,
      0.25396811913579875,
      0.25407052573988975,
      0.2542180631887008,
      0.25441392205997,
      0.2546498737431685,
      0.2548485154039097,
      0.254878352825019,
      0.25509869156475623,
      0.25524114725528785,
      0.25532635135257425,
      0.2555888969620041,
      0.25564599487240086,
      0.25578381735329336,
      0.2558693308684525,
      0.2559233461859802,
      0.2564953429480047,
      0.25650944586310487,
      0.25652539041110434,
      0.25677518886707434,
      0.25719268015972796,
      0.25733614644773056,
      0.2575870471979795,
      0.2576602576197304,
      0.2579765417481837,
      0.2580690817603215,
      0.2583815712737739,
      0.25840706402042346,
      0.25866147842882553,
      0.2589310463967977,
      0.25902718844151096,
      0.2597397687231298,
      0.2597733078796101,
      0.25984145146385085,
      0.26000445093776353,
      0.26005794965903967,
      0.26014897046883895,
      0.2602200553664432,
      0.2602374837524584,
      0.26033740156934326,
      0.2604025863042659,
      0.26041611342226173,
      0.26061364503207346,
      0.2612888777357102,
      0.2613014358178362,
      0.2614758281798499,
      0.26154434428235984,
      0.26155782158427004,
      0.2616722630974312,
      0.2618169265484827,
      0.26194159045347004,
