{
  "task": "classification",
  "format": "onnx",
  "preset_name": "default",
  "best_iteration": 99,
  "params": {
    "tree_method": "hist",
    "device": "cpu",
    "learning_rate": 0.3,
    "max_depth": 6,
    "min_child_weight": 1,
    "subsample": 1.0,
    "colsample_bytree": 1.0,
    "reg_alpha": 0.0,
    "reg_lambda": 1.0,
    "max_bin": 256,
    "n_estimators": 2000,
    "early_stopping_rounds": 50,
    "nthread": 32,
    "objective": "binary:logistic",
    "scale_pos_weight": 12.6098,
    "max_delta_step": 1,
    "eval_metric": "aucpr"
  },
  "profile": {
    "n_samples": 558,
    "n_features": 768,
    "n_p_ratio": 0.7265625,
    "sparsity": 0.0,
    "is_sparse_counts": false,
    "binary_feature_fraction": 0.0,
    "feature_signal_strength": 0.0961373807072956,
    "feature_signal_p90": 0.19012208996070445,
    "task": "classification",
    "imbalance_ratio": 12.609756097560975,
    "y_skewness": 0.0,
    "y_all_positive": false
  },
  "portfolio_scores": {
    "flaml": NaN,
    "autogluon": NaN,
    "heuristic": 0.5450349425812605,
    "default": 0.5196711270694793
  },
  "decision_cutoff_raw": 0.006517165340483189,
  "decision_cutoff_raw_source": "oof_balanced_accuracy",
  "decision_cutoff_proba": 0.04929173595714516,
  "decision_cutoff_rank": 0.7414721723518851,
  "decision_cutoff_logit": -2.9594508085611726,
  "calibrator": {
    "method": "platt",
    "coef": 3.816709755008669,
    "intercept": -2.9843249370911993
  },
  "ranker": {
    "knots": [
      0.0001407643867423758,
      0.0001625654986128211,
      0.00017129986372310668,
      0.00018782822007779032,
      0.00019897983293049037,
      0.00019974341557826847,
      0.00019999763753730804,
      0.00020199168648105115,
      0.0002047148736892268,
      0.00020983967988286167,
      0.00021852960344403982,
      0.00022708428150508553,
      0.00022962009825278074,
      0.0002334521705051884,
      0.0002445130958221853,
      0.0002496330125723034,
      0.00025543567608110607,
      0.00026671274099498987,
      0.0002698951866477728,
      0.00027031032368540764,
      0.00028414546977728605,
      0.0002856393693946302,
      0.0002872824261430651,
      0.00028875673888251185,
      0.00028997805202379823,
      0.00030911510111764073,
      0.00031054712599143386,
      0.0003114045539405197,
      0.00031383626628667116,
      0.0003144880465697497,
      0.00032344050123356283,
      0.000323788815876469,
      0.0003271192836109549,
      0.0003276283387094736,
      0.0003296369395684451,
      0.000332717492710799,
      0.0003450463991612196,
      0.00034828518982976675,
      0.0003528785309754312,
      0.0003682735259644687,
      0.0003684296098072082,
      0.00037098469329066575,
      0.0003748668823391199,
      0.0003762592968996614,
      0.0003769863396883011,
      0.0003774113720282912,
      0.0003806318563874811,
      0.00038286359631456435,
      0.00038390321424230933,
      0.0004064750683028251,
      0.0004085639084223658,
      0.0004094958130735904,
      0.00041199239785782993,
      0.0004134557966608554,
      0.0004139625816605985,
      0.0004163497651461512,
      0.0004192897758912295,
      0.00042361245141364634,
      0.00042695485171861947,
      0.00043041654862463474,
      0.0004368629597593099,
      0.00043697102228179574,
      0.0004521856608334929,
      0.0004605420399457216,
      0.0004683595325332135,
      0.00048393948236480355,
      0.00048596231499686837,
      0.0004886380629613996,
      0.0004908936098217964,
      0.0004945032997056842,
      0.0004949666326865554,
      0.0004995633498765528,
      0.0005013340851292014,
      0.0005118832923471928,
      0.0005214270204305649,
      0.0005238119047135115,
      0.0005247959052212536,
      0.0005249016685411334,
      0.000526266114320606,
      0.0005299609038047493,
      0.0005423423717729747,
      0.0005511403433047235,
      0.0005557240801863372,
      0.00055574846919626,
      0.0005643857875838876,
      0.0005718498723581433,
      0.0005736037855967879,
      0.000582930282689631,
      0.0005848505534231663,
      0.0005849567824043334,
      0.0005976864486001432,
      0.0005997024127282202,
      0.0006054475670680404,
      0.0006083103944547474,
      0.0006090321112424135,
      0.0006161494529806077,
      0.0006231118459254503,
      0.000624887936282903,
      0.0006287333671934903,
      0.0006338063976727426,
      0.0006367235328070819,
      0.0006386044551618397,
      0.0006481885211542249,
      0.0006510454695671797,
      0.0006580091430805624,
      0.0006656372570432723,
      0.0006745728896930814,
      0.0006793435313738883,
      0.0006807359750382602,
      0.0006817507091909647,
      0.0006896427366882563,
      0.0006942247855477035,
      0.0006942495820112526,
      0.0006952761905267835,
      0.0006970867980271578,
      0.000706874649040401,
      0.0007248647743836045,
      0.0007249835762195289,
      0.000725593592505902,
      0.0007311914814636111,
      0.0007341606542468071,
      0.000734560948330909,
      0.0007400185568258166,
      0.0007414097781293094,
      0.0007436894229613245,
      0.0007492464501410723,
      0.0007539661601185799,
      0.0007593814516440034,
      0.0007622172706760466,
      0.0007684386218897998,
      0.0007697083638049662,
      0.0007699750130996108,
      0.0007743672467768192,
      0.0007765153422951698,
      0.0007777087157592177,
      0.0007800901657901704,
      0.0007806869689375162,
      0.0007817414589226246,
      0.0007915602182038128,
      0.0007920340285636485,
      0.0008002601680345833,
      0.0008004465489648283,
      0.000803408503998071,
      0.0008106688619591296,
      0.0008205437334254384,
      0.0008221015450544655,
      0.0008229350787587464,
      0.0008292931597679853,
      0.0008304121438413858,
      0.0008308660471811891,
      0.0008324545924551785,
      0.0008338807965628803,
      0.0008390776929445565,
      0.0008476404473185539,
      0.0008589051431044936,
      0.0008656344725750387,
      0.0008685588836669922,
      0.0008844609255902469,
      0.0008879808592610061,
      0.0008898450760170817,
      0.000891469360794872,
      0.000892902200575918,
      0.0008932315395213664,
      0.0008949229959398508,
      0.0008988330373540521,
      0.0009050937369465828,
      0.0009060583543032408,
      0.0009123107302002609,
      0.0009138993336819112,
      0.0009182032663375139,
      0.0009242644882760942,
      0.0009269322617910802,
      0.0009269914007745683,
      0.0009360366384498775,
      0.0009389301994815469,
      0.0009418233530595899,
      0.0009569870890118182,
      0.0009683006792329252,
      0.0009753104532137513,
      0.0009779324755072594,
      0.0010094575118273497,
      0.0010458595352247357,
      0.0010486150858923793,
      0.0010650570038706064,
      0.0010672899661585689,
      0.0010674400255084038,
      0.001106630894355476,
      0.0011103986762464046,
      0.0011283954372629523,
      0.0011291455011814833,
      0.0011347347171977162,
      0.0011359881609678268,
      0.0011368845589458942,
      0.0011435170890763402,
      0.0011501706903800368,
      0.0011530250776559114,
      0.001155218342319131,
      0.0011639534495770931,
      0.0011726159136742353,
      0.001183160813525319,
      0.0011850930750370026,
      0.0011964747682213783,
      0.001200091210193932,
      0.0012075417907908559,
      0.0012144505744799972,
      0.0012215989409014583,
      0.0012221052311360836,
      0.0012304731644690037,
      0.0012331540929153562,
      0.0012346761068329215,
      0.001235122443176806,
      0.0012363072019070387,
      0.001247599022462964,
      0.0012506888015195727,
      0.0012661260552704334,
      0.0012748410226777196,
      0.0012757914373651147,
      0.0012770735193043947,
      0.0012786557199433446,
      0.0012881155125796795,
      0.0012889120262116194,
      0.0012912657111883163,
      0.0013090656138956547,
      0.0013134980108588934,
