{
  "n_components": 27,
  "n_features_in": 768,
  "n_cal_knots": 200,
  "cal_min": 2.06612491607666,
  "cal_max": 13.729288101196289,
  "scaler": "standard"
}