{
    "portfolio": [
        "lr",
        "xgb",
        "rf",
        "svc"
    ],
    "max_batch_size": 100000,
    "max_imbalance_ratio": 100,
    "num_batches": 2,
    "population_prior": 0.007780082987551867,
    "batch_priors": [
        0.01544004117344313,
        0.01544004117344313
    ],
    "decision_cutoff_raw": 0.10567568888115125,
    "decision_cutoff_proba": 0.019019804777226312,
    "decision_cutoff_rank": 0.9546858908341915,
    "decision_cutoff_logit": -3.9430714780195495,
    "decision_cutoff_lift": 2.4446789073661552
}