{
  "mode": "slow",
  "descriptor_types": [
    "chemeleon",
    "clamp",
    "morgan"
  ],
  "n_compounds": 81645,
  "n_actives": 223,
  "ratio_actives": 0.002731336885296099,
  "population_prior": 0.002731336885296099,
  "portfolio": [
    "xgb",
    "rf"
  ],
  "num_batches": {
    "chemeleon": 4,
    "clamp": 4,
    "morgan": 4
  },
  "decision_cutoff_raw": 0.06749701159109998,
  "decision_cutoff_proba": 0.008214723435639983,
  "decision_cutoff_rank": 0.9007679579001387,
  "oof_aucs": {
    "chemeleon": 0.9484268728082652,
    "clamp": 0.9520108075698499,
    "morgan": 0.9411544786865857
  },
  "proxy_aucs": {
    "chemeleon": 0.8827806712381107,
    "clamp": 0.9267602405035291,
    "morgan": 0.8714082326208048
  },
  "train_aucs": {
    "chemeleon": 0.9999998898502878,
    "clamp": 0.9999937214664054,
    "morgan": 0.9994180239956741
  },
  "quality_aucs": {
    "chemeleon": 0.8968538557662427,
    "clamp": 0.9040278936732944,
    "morgan": 0.8828909333774974
  },
  "active_descriptors": {
    "chemeleon": true,
    "clamp": true,
    "morgan": true
  },
  "ad_hard_cutoffs": {
    "chemeleon": 0.05000000074505806,
    "clamp": 0.05000000074505806,
    "morgan": 0.05000000074505806
  },
  "rank_error_curves": {
    "chemeleon": [
      [
        0.029494489546889713,
        0.11929135616027345,
        0.16407344611651742,
        0.2040284934740584,
        0.24077083665930527,
        0.277552757974897,
        0.31311075565924573,
        0.34993562710462933,
        0.38780976529072564,
        0.426814691026511,
        0.4666248314994835,
        0.5087136241482576,
        0.5510563932263426,
        0.5982237402419197,
        0.647144297360662,
        0.699322371005813,
        0.7575065273491486,
        0.8232017466889587,
        0.9006312586827184,
        0.9999992689035861
      ],
      [
        0.0014679886909038213,
        0.0014804671469183168,
        0.0014921600307297206,
        0.001502426228830235,
        0.0015140468557005645,
        0.001523859714638841,
        0.001537682404397369,
        0.0015515301089584596,
        0.0015671689957721248,
        0.001585195452886607,
        0.0016040808443851349,
        0.001628612596677392,
        0.0016583741042209554,
        0.0016967476181585658,
        0.0017447625850444371,
        0.0018026393475560991,
        0.0019025238464941343,
        0.00207594875480111,
        0.002629613203730989,
        0.05655239089164216
      ]
    ],
    "clamp": [
      [
        0.031970645431614514,
        0.10666018626106434,
        0.15506383309406743,
        0.19735111012926157,
        0.23630922248142133,
        0.2745195666396594,
        0.3116665799662539,
        0.3472210748773033,
        0.3851615961128881,
        0.4226636369872357,
        0.46271240785258866,
        0.5046739412292693,
        0.5475831289190448,
        0.593414741724344,
        0.6408524799177258,
        0.6939536582635037,
        0.7536966691637327,
        0.8216074574827126,
        0.9041198335306639,
        0.9999801465034042
      ],
      [
        0.0012777435518503738,
        0.0012889665482841719,
        0.0012995342443549364,
        0.0013082787623102912,
        0.0013171065332482292,
        0.0013256865358440497,
        0.001334637831156548,
        0.0013449665619045589,
        0.0013542633117603331,
        0.0013671338330832196,
        0.0013827029409591116,
        0.001398005965117613,
        0.0014172910981907337,
        0.0014402532787775397,
        0.0014667340575181425,
        0.0015107271978123049,
        0.0015680198783144168,
        0.001678207769877089,
        0.0020087698705387545,
        0.06256102245437994
      ]
    ],
    "morgan": [
      [
        0.0027597569703195456,
        0.11824271112167485,
        0.17652023298024236,
        0.22470039888259213,
        0.2689778327054666,
        0.31008556522173186,
        0.35026880456193027,
        0.39061650804014175,
        0.4296475601805929,
        0.4696842044854611,
        0.5099623325588031,
        0.5528769260992339,
        0.5973268360701377,
        0.6437897404164181,
        0.6931568973056663,
        0.7450986036413032,
        0.8005053482076943,
        0.8600348264603321,
        0.9227287942456,
        0.9999572944916222
      ],
      [
        0.00074795033128334,
        0.0007786912178823139,
        0.0008034767315234748,
        0.0008238362879367327,
        0.000843436449893074,
        0.0008634396068218492,
        0.0008853685489364161,
        0.0009079298361005988,
        0.0009353215323203229,
        0.0009654400656600949,
        0.0010033190142676696,
        0.0010515033546238059,
        0.0010981001113550568,
        0.0011662107848404853,
        0.0012695756380848382,
        0.0014064418078230637,
        0.0016598302821302208,
        0.0021674289158162296,
        0.0039612687462570175,
        0.11434595891996113
      ]
    ]
  },
  "decision_cutoff_logit": -4.793578543633554,
  "decision_cutoff_lift": 3.007583385214468
}