{
  "n_components": 45,
  "n_features_in": 2048,
  "n_cal_knots": 200,
  "cal_min": 2.8954272270202637,
  "cal_max": 71.79023742675781,
  "scaler": "standard"
}