{
  "n_components": 27,
  "n_features_in": 768,
  "n_cal_knots": 200,
  "cal_min": 2.2025341987609863,
  "cal_max": 13.5986909866333,
  "scaler": "standard"
}