{
  "n_components": 27,
  "n_features_in": 768,
  "n_cal_knots": 200,
  "cal_min": 2.3284215927124023,
  "cal_max": 14.379645347595215,
  "scaler": "standard"
}