{
    "portfolio": [
        "xgb",
        "rf",
        "svc"
    ],
    "max_batch_size": 100000,
    "max_imbalance_ratio": 100,
    "num_batches": 2,
    "population_prior": 0.006434050977480821,
    "batch_priors": [
        0.012782694198623401,
        0.01278898180029513
    ],
    "decision_cutoff_raw": 0.10967570150026623,
    "decision_cutoff_proba": 0.013032878669698648,
    "decision_cutoff_rank": 0.9315312678727505,
    "decision_cutoff_logit": -4.327161434119676,
    "decision_cutoff_lift": 2.0256101040097017
}