{
  "mode": "slow",
  "descriptor_types": [
    "chemeleon",
    "clamp",
    "morgan"
  ],
  "n_compounds": 3953,
  "n_actives": 431,
  "ratio_actives": 0.10903111560839869,
  "population_prior": 0.10903111560839869,
  "portfolio": [
    "lr",
    "xgb",
    "rf",
    "svc"
  ],
  "num_batches": {
    "chemeleon": 1,
    "clamp": 1,
    "morgan": 1
  },
  "decision_cutoff_raw": 0.1550436520492343,
  "decision_cutoff_proba": 0.08456487503430028,
  "decision_cutoff_rank": 0.7158611673414305,
  "oof_aucs": {
    "chemeleon": 0.8494692295429063,
    "clamp": 0.85217677152957,
    "morgan": 0.8364440421559677
  },
  "proxy_aucs": {
    "chemeleon": 0.7822358894901257,
    "clamp": 0.8026939713382635,
    "morgan": 0.745424517550274
  },
  "train_aucs": {
    "chemeleon": 1.0,
    "clamp": 1.0,
    "morgan": 0.9999479572221541
  },
  "quality_aucs": {
    "chemeleon": 0.6989384590858125,
    "clamp": 0.7043535430591401,
    "morgan": 0.6729401270897812
  },
  "active_descriptors": {
    "chemeleon": true,
    "clamp": true,
    "morgan": true
  },
  "ad_hard_cutoffs": {
    "chemeleon": 0.05000000074505806,
    "clamp": 0.05000000074505806,
    "morgan": 0.05000000074505806
  },
  "rank_error_curves": {
    "chemeleon": [
      [
        0.03568355223016543,
        0.17399008496952784,
        0.21897433841392483,
        0.2572417578729544,
        0.28619240724467576,
        0.3156851229461071,
        0.341031115352743,
        0.36891740978568044,
        0.3942690096857779,
        0.422022822328481,
        0.4522674405846932,
        0.4862898312950631,
        0.5231051101505207,
        0.5582052473469408,
        0.6003798765965949,
        0.6574925874205212,
        0.7408752732432121,
        0.89599975209812,
        0.9432116142117648,
        0.9980465253208322
      ],
      [
        0.04523376041174021,
        0.04650178431012075,
        0.04812756133142676,
        0.049800940270191975,
        0.051081873168613554,
        0.053259921946532805,
        0.05565678680388623,
        0.05698648416436316,
        0.05959012330537292,
        0.06168544894922746,
        0.06488392143052762,
        0.06912274838247855,
        0.07452814559252023,
        0.08195853322366882,
        0.08782115254000021,
        0.10037484613962651,
        0.1285398919696791,
        0.36353143257236614,
        0.4338953884427703,
        0.36306420043787774
      ]
    ],
    "clamp": [
      [
        0.11866483735692529,
        0.18056857899996256,
        0.22935507901776883,
        0.2599200033190887,
        0.2881489863618331,
        0.31396389736168656,
        0.34022452972025014,
        0.3703921113947884,
        0.39491522950254154,
        0.4287343328338193,
        0.45885491194104394,
        0.49224242045286815,
        0.5279610828886998,
        0.56775355306133,
        0.6182870244957664,
        0.6757226788977755,
        0.7638136467915165,
        0.8982773042782954,
        0.9713054797460557,
        0.9995267726688951
      ],
      [
        0.05016873629722465,
        0.0511325964999538,
        0.05170014161900214,
        0.05192765853426297,
        0.05219146693457526,
        0.05248045779717356,
        0.05303836876478285,
        0.05482099937350869,
        0.05532735181246532,
        0.05663157089434636,
        0.058819976399158494,
        0.061587119763386974,
        0.06829833782175704,
        0.0733972349474634,
        0.08271861422325259,
        0.09706377278332934,
        0.13464303998078678,
        0.36283754557968156,
        0.4338334131714173,
        0.38507697101688054
      ]
    ],
    "morgan": [
      [
        0.01848369617375089,
        0.11787007269813227,
        0.1717891041585875,
        0.214732635318515,
        0.25133359650860626,
        0.2882481308030437,
        0.3202235653867364,
        0.35477909868147006,
        0.38781632805330535,
        0.4194327188754399,
        0.4494874241350041,
        0.4838382814258897,
        0.5220401628704838,
        0.5607488997513626,
        0.6077833813950131,
        0.6729714017131219,
        0.7617451579925271,
        0.8750880235932414,
        0.9555321798210423,
        0.9998112597129876
      ],
      [
        0.04305149796998233,
        0.04555213505114828,
        0.04772435616747148,
        0.049236174367436186,
        0.05157042020186329,
        0.05270558940245977,
        0.05412869994243737,
        0.057288672860611234,
        0.0587888258600306,
        0.06258093828776215,
        0.06436629005947539,
        0.06917523049599966,
        0.07355658721003877,
        0.07715682449423569,
        0.0884705855860768,
        0.10403241162563635,
        0.1712376299332703,
        0.4112522401754145,
        0.503376484056955,
        0.3974138004109993
      ]
    ]
  },
  "decision_cutoff_logit": -2.3818805069721405,
  "decision_cutoff_lift": 0.7756031345953341
}