{
  "n_components": 27,
  "n_features_in": 768,
  "n_cal_knots": 200,
  "cal_min": 2.328463554382324,
  "cal_max": 14.37972354888916,
  "scaler": "standard"
}