{
  "task": "classification",
  "format": "onnx",
  "preset_name": "heuristic",
  "use_linear": false,
  "n_features_in": 782,
  "classes": [
    0,
    1
  ],
  "params": {
    "C": 0.325576,
    "class_weight": "balanced",
    "max_iter": 5000,
    "tol": 0.001,
    "random_state": 42,
    "use_linear": false,
    "kernel": "rbf",
    "gamma": "scale"
  },
  "profile": {
    "n_samples": 106,
    "n_features": 782,
    "n_p_ratio": 0.13554987212276215,
    "sparsity": 0.9441683153983497,
    "is_sparse_counts": false,
    "binary_feature_fraction": 0.690537084398977,
    "feature_signal_strength": 0.10236549324404945,
    "feature_signal_p90": 0.20062632523032134,
    "task": "classification",
    "imbalance_ratio": 4.0476190476190474,
    "y_skewness": 0.0,
    "y_all_positive": false
  },
  "portfolio_scores": {},
  "decision_cutoff_raw": 0.4350682763580039,
  "decision_cutoff_raw_source": "oof_balanced_accuracy",
  "decision_cutoff_proba": 0.20139411578450905,
  "decision_cutoff_rank": 0.6476190476190476,
  "decision_cutoff_logit": -1.3776037994695003,
  "calibrator": {
    "method": "platt",
    "coef": 0.9823278485640812,
    "intercept": -1.8049834833627416
  },
  "ranker": {
    "knots": [
      0.25924007463758847,
      0.28642391977671394,
      0.29286629392863694,
      0.2946607621857752,
      0.29577703344472167,
      0.2966310897328591,
      0.30544283853298426,
      0.31015381549699955,
      0.3122671315098708,
      0.3285544843353449,
      0.32896877305084793,
      0.33446925181310655,
      0.3357985156081477,
      0.3414918987512391,
      0.3429419410381169,
      0.347361668793583,
      0.34756488346414244,
      0.3515503792434581,
      0.3535059653017149,
      0.3537078254368972,
      0.3595954181392607,
      0.36304812657347013,
      0.36308864843619615,
      0.36317876989578646,
      0.3650681376577844,
      0.3652430148132938,
      0.3666170647434779,
      0.36706589120676664,
      0.3723846078396737,
      0.37344510157664934,
      0.3756683823907671,
      0.37668956639989587,
      0.37684350424116886,
      0.3780283779145031,
      0.37822388091540105,
      0.37832091998566836,
      0.3787169374584034,
      0.37885161126536054,
      0.3810116871444377,
      0.38357978180031144,
      0.3840620860364996,
      0.38443104776152986,
      0.3847449269727013,
      0.38609454049096703,
      0.3898494181704573,
      0.39143209044892874,
      0.39220139143120414,
      0.3941530586556588,
      0.3967107278892814,
      0.3969456295143804,
      0.3978885587626128,
      0.39812408671481736,
      0.3988646099712456,
      0.4019390817419526,
      0.40250011896379173,
      0.40297896116007603,
      0.40608142797505237,
      0.40616351100401854,
      0.4093660447466738,
      0.41204585800180843,
      0.4124472966102433,
      0.41316542502988024,
      0.4166553239388365,
      0.4228916124468911,
      0.42592142123902454,
      0.4266776004325141,
      0.4275255665082622,
      0.4309448675951922,
      0.4350682763580039,
      0.4354206309133931,
      0.4402327077218142,
      0.44070344860398497,
      0.4411290642542363,
      0.442890014269437,
      0.4446948398703327,
      0.4455496920891356,
      0.4461917241768178,
      0.4473503380500183,
      0.4485921028907414,
      0.4535108301857457,
      0.45448370453286163,
      0.45486486749393773,
      0.4581468293551903,
      0.4585448684307372,
      0.4595177153719116,
      0.4620529100962268,
      0.4697310132224746,
      0.4711316975691054,
      0.4816533625515557,
      0.4858753490562482,
      0.4877238764546922,
      0.4947867342332425,
      0.49704595738249724,
      0.49895945007352804,
      0.5036722501160541,
      0.514502281040179,
      0.5360906573904229,
      0.53735647795007,
      0.5442589301125088,
      0.5491824724609801,
      0.5563248313978914,
      0.5572876434289826,
      0.5692495515529361,
      0.5697738072521581,
      0.5792201760356812,
      0.5986884077903409
    ]
  }
}