{
  "task": "classification",
  "format": "onnx",
  "preset_name": "heuristic",
  "best_iteration": 136,
  "params": {
    "tree_method": "hist",
    "device": "cpu",
    "learning_rate": 0.1,
    "n_estimators": 2000,
    "early_stopping_rounds": 50,
    "max_depth": 3,
    "min_child_weight": 1,
    "subsample": 1.0,
    "colsample_bytree": 0.5,
    "colsample_bynode": 0.072,
    "reg_alpha": 0.3,
    "reg_lambda": 2.125,
    "gamma": 0.05,
    "max_bin": 128,
    "nthread": 16,
    "objective": "binary:logistic",
    "scale_pos_weight": 4.0476,
    "eval_metric": "auc"
  },
  "profile": {
    "n_samples": 106,
    "n_features": 782,
    "n_p_ratio": 0.13554987212276215,
    "sparsity": 0.9441683153983497,
    "is_sparse_counts": false,
    "binary_feature_fraction": 0.690537084398977,
    "feature_signal_strength": 0.10236549324404945,
    "feature_signal_p90": 0.20062632523032134,
    "task": "classification",
    "imbalance_ratio": 4.0476190476190474,
    "y_skewness": 0.0,
    "y_all_positive": false
  },
  "portfolio_scores": {},
  "decision_cutoff_raw": 0.21753449738025665,
  "decision_cutoff_raw_source": "oof_balanced_accuracy",
  "decision_cutoff_proba": 0.18296694076749315,
  "decision_cutoff_rank": 0.6857142857142857,
  "decision_cutoff_logit": -1.496374073240013,
  "calibrator": {
    "method": "platt",
    "coef": 2.091947486127638,
    "intercept": -1.9514448181806803
  },
  "ranker": {
    "knots": [
      0.01893024519085884,
      0.01925770938396454,
      0.019324494525790215,
      0.020849497988820076,
      0.02240143157541752,
      0.022623306140303612,
      0.024875583127141,
      0.029699502512812614,
      0.03019304946064949,
      0.03029686026275158,
      0.03041878342628479,
      0.03202689066529274,
      0.03525605797767639,
      0.03615275025367737,
      0.039751745760440826,
      0.04009212180972099,
      0.04154933616518974,
      0.041670434176921844,
      0.043663691729307175,
      0.04468207433819771,
      0.045309774577617645,
      0.0470212958753109,
      0.048820532858371735,
      0.04926779493689537,
      0.0493173748254776,
      0.049900054931640625,
      0.050460200756788254,
      0.05120887607336044,
      0.052804529666900635,
      0.0550452321767807,
      0.056273285299539566,
      0.05649837106466293,
      0.05733611062169075,
      0.06154501438140869,
      0.061683300882577896,
      0.06213676184415817,
      0.06798574328422546,
      0.06828410923480988,
      0.07121116667985916,
      0.0715751126408577,
      0.07343076914548874,
      0.07524365186691284,
      0.07770082354545593,
      0.08029812574386597,
      0.08544198423624039,
      0.08726437389850616,
      0.09011369198560715,
      0.0937536358833313,
      0.10169967263936996,
      0.1079997569322586,
      0.10875796526670456,
      0.11063189059495926,
      0.11157790571451187,
      0.1148466020822525,
      0.11566945165395737,
      0.11839890480041504,
      0.11938149482011795,
      0.11947987973690033,
      0.12091989815235138,
      0.13047166168689728,
      0.1361570954322815,
      0.1398686319589615,
      0.14448876678943634,
      0.15873399376869202,
      0.16491958498954773,
      0.16671249270439148,
      0.1721487194299698,
      0.17482639849185944,
      0.1754593402147293,
      0.1880584955215454,
      0.19240863621234894,
      0.20237524807453156,
      0.21753449738025665,
      0.2212512344121933,
      0.23653516173362732,
      0.24410204589366913,
      0.2541550099849701,
      0.2675436735153198,
      0.27310675382614136,
      0.27863144874572754,
      0.3053656220436096,
      0.32474955916404724,
      0.36856281757354736,
      0.4080826938152313,
      0.4081306457519531,
      0.4173218011856079,
      0.4659261107444763,
      0.4964798390865326,
      0.5070858001708984,
      0.5102546215057373,
      0.5388509631156921,
      0.5497243404388428,
      0.5922598242759705,
      0.6652078628540039,
      0.6720319390296936,
      0.7223216891288757,
      0.7361139059066772,
      0.7453311085700989,
      0.7615277767181396,
      0.8155528903007507,
      0.8174088001251221,
      0.8191794157028198,
      0.8400779962539673,
      0.8471237421035767,
      0.8900207877159119,
      0.9473004341125488
    ]
  }
}