{
    "portfolio": [
        "lr",
        "xgb",
        "rf",
        "svc"
    ],
    "max_batch_size": 100000,
    "max_imbalance_ratio": 100,
    "num_batches": 1,
    "population_prior": 0.10903111560839869,
    "batch_priors": [
        0.10903111560839869
    ],
    "decision_cutoff_raw": 0.20547157514554465,
    "decision_cutoff_proba": 0.09152640541527521,
    "decision_cutoff_rank": 0.7214068825910931,
    "decision_cutoff_logit": -2.2951383081421928,
    "decision_cutoff_lift": 0.8394521591800067
}