{
  "n_components": 45,
  "n_features_in": 2048,
  "n_cal_knots": 200,
  "cal_min": 2.9080474376678467,
  "cal_max": 23.084157943725586,
  "scaler": "standard"
}