{
  "mode": "slow",
  "descriptor_types": [
    "chemeleon",
    "clamp"
  ],
  "n_compounds": 14372,
  "n_actives": 94,
  "ratio_actives": 0.006540495407737267,
  "population_prior": 0.006540495407737267,
  "portfolio": [
    "xgb",
    "rf"
  ],
  "num_batches": {
    "chemeleon": 2,
    "clamp": 2
  },
  "decision_cutoff_raw": 0.017594806852904404,
  "decision_cutoff_proba": 0.012307268722254374,
  "decision_cutoff_rank": 0.8369918418141593,
  "oof_aucs": {
    "chemeleon": 0.8333308497226801,
    "clamp": 0.8698309853278217
  },
  "proxy_aucs": {
    "chemeleon": 0.8207718424626527,
    "clamp": 0.8358012675418742
  },
  "train_aucs": {
    "chemeleon": 1.0,
    "clamp": 1.0
  },
  "quality_aucs": {
    "chemeleon": 0.6666616994453602,
    "clamp": 0.7396619706556433
  },
  "active_descriptors": {
    "chemeleon": true,
    "clamp": true
  },
  "ad_hard_cutoffs": {
    "chemeleon": 0.05000000074505806,
    "clamp": 0.05000000074505806
  },
  "rank_error_curves": {
    "chemeleon": [
      [
        0.06717825940454272,
        0.1316326667716854,
        0.16970412824774878,
        0.2036712732653235,
        0.23496550536573663,
        0.26555720404225247,
        0.29591420820592196,
        0.3246083919054593,
        0.3548824069366857,
        0.38717998459436287,
        0.422557817864861,
        0.4596298646465318,
        0.5015253847001673,
        0.5494902345243171,
        0.6031997725588857,
        0.6562328476622061,
        0.7237918843110662,
        0.7960890239108709,
        0.8832822575245466,
        1.0
      ],
      [
        0.00578323516606568,
        0.005801091847953147,
        0.005815143083543149,
        0.005826605589924729,
        0.0058400232946249,
        0.005856876574886424,
        0.0058648720260406064,
        0.005881354701841754,
        0.00588906825600501,
        0.005906438300407938,
        0.00592692152792541,
        0.005951383769847568,
        0.005983481623220454,
        0.0060209491142850565,
        0.006071736819646398,
        0.006129229058311862,
        0.006208602742848359,
        0.006361281264990659,
        0.006761277482855693,
        0.18112243363878797
      ]
    ],
    "clamp": [
      [
        0.06087135342342346,
        0.15107819606804385,
        0.1966902998843235,
        0.23789291924498032,
        0.2740983111346676,
        0.30982140200348796,
        0.34093724681769594,
        0.37198906041145197,
        0.40582987619173516,
        0.43893280973484317,
        0.4736372033476822,
        0.5073640342134251,
        0.5439189571477794,
        0.5838527236873532,
        0.6250804657598281,
        0.6752801663041899,
        0.7293141572240802,
        0.79248577663979,
        0.8833900544385427,
        1.0
      ],
      [
        0.005262091686472693,
        0.00528542264095135,
        0.005306681170047624,
        0.005324573238276726,
        0.005343823130525513,
        0.0053649782244814615,
        0.005380639137921058,
        0.005402947531707508,
        0.005426288656201386,
        0.005455692460225126,
        0.00548084303370405,
        0.0055161586959683855,
        0.0055579592792450805,
        0.005610582481543847,
        0.0056626406949423485,
        0.005738550421442097,
        0.005853742541757347,
        0.00609536430049044,
        0.00679196536318738,
        0.16231049145002147
      ]
    ]
  },
  "decision_cutoff_logit": -4.385181607782881,
  "decision_cutoff_lift": 1.8817028305982963
}