{
    "portfolio": [
        "xgb",
        "rf"
    ],
    "max_batch_size": 100000,
    "max_imbalance_ratio": 100,
    "num_batches": 2,
    "population_prior": 0.00961993769470405,
    "batch_priors": [
        0.019056552541285084,
        0.019056552541285084
    ],
    "decision_cutoff_raw": 0.043994306292770596,
    "decision_cutoff_proba": 0.022106407573314547,
    "decision_cutoff_rank": 0.8734730082697092,
    "decision_cutoff_logit": -3.7895333609711837,
    "decision_cutoff_lift": 2.2979782483918294
}