{
  "n_components": 27,
  "n_features_in": 768,
  "n_cal_knots": 200,
  "cal_min": 2.3247876167297363,
  "cal_max": 14.376697540283203,
  "scaler": "standard"
}