{
  "n_components": 27,
  "n_features_in": 768,
  "n_cal_knots": 200,
  "cal_min": 2.19538950920105,
  "cal_max": 13.660932540893555,
  "scaler": "standard"
}