{
  "task": "classification",
  "format": "onnx",
  "preset_name": "heuristic",
  "use_linear": false,
  "n_features_in": 1619,
  "classes": [
    0,
    1
  ],
  "params": {
    "C": 0.325576,
    "class_weight": "balanced",
    "max_iter": 5000,
    "tol": 0.001,
    "random_state": 42,
    "use_linear": false,
    "kernel": "rbf",
    "gamma": "scale"
  },
  "profile": {
    "n_samples": 106,
    "n_features": 1619,
    "n_p_ratio": 0.06547251389746757,
    "sparsity": 0.45612246087149066,
    "is_sparse_counts": false,
    "binary_feature_fraction": 0.004941321803582459,
    "feature_signal_strength": 0.09583979953858315,
    "feature_signal_p90": 0.1883730969270457,
    "task": "classification",
    "imbalance_ratio": 4.0476190476190474,
    "y_skewness": 0.0,
    "y_all_positive": false
  },
  "portfolio_scores": {},
  "decision_cutoff_raw": 0.5420382670442723,
  "decision_cutoff_raw_source": "oof_balanced_accuracy",
  "decision_cutoff_proba": 0.2182270759648076,
  "decision_cutoff_rank": 0.8,
  "decision_cutoff_logit": -1.276028166373604,
  "calibrator": {
    "method": "platt",
    "coef": 1.418634237624754,
    "intercept": -2.044982210105398
  },
  "ranker": {
    "knots": [
      0.2655545811115068,
      0.2756914377251806,
      0.2785918583276694,
      0.2934655168242462,
      0.2950454709322462,
      0.30252234702687597,
      0.30619272415827054,
      0.306386547215325,
      0.3068248073951615,
      0.3137621785369556,
      0.32206767896414545,
      0.3230806541338211,
      0.33651320238684745,
      0.3408727380360475,
      0.34193080479486654,
      0.34630465226700274,
      0.34941492927348,
      0.3517511684910915,
      0.3547846353134683,
      0.360219233500135,
      0.3627455580351078,
      0.3631735349679991,
      0.3640283078785837,
      0.3651374595328396,
      0.3666509014712232,
      0.3749561583282041,
      0.3756203624034426,
      0.3777896336103586,
      0.3793020324955107,
      0.3802725348706369,
      0.38286529226029054,
      0.3847668299555404,
      0.3899243468394366,
      0.3960150832055561,
      0.3973698672453731,
      0.3993629208168095,
      0.40673608692062074,
      0.40851674476361516,
      0.4147392264334038,
      0.4161242624284051,
      0.416732834448503,
      0.41914827665909976,
      0.4193159207702231,
      0.42138757992925563,
      0.4245715274461096,
      0.4262538751517237,
      0.42897651290741645,
      0.4297096292422288,
      0.43253041843485185,
      0.43253712340176315,
      0.4327718897695828,
      0.4352069179397379,
      0.44278505232001736,
      0.44595496585907896,
      0.446932558166328,
      0.44897717176328283,
      0.45082547054338795,
      0.45753282343989193,
      0.4600604308636182,
      0.46163777388073335,
      0.4643274499895098,
      0.464507225529734,
      0.4648713189493644,
      0.4657318451332067,
      0.4743909764393166,
      0.4748090595420502,
      0.47815832453419077,
      0.48171498109977867,
      0.48350025428046917,
      0.4853936379900966,
      0.48572369099033336,
      0.48737914043559266,
      0.48954052720739877,
      0.4951022104442283,
      0.49628298755345795,
      0.4992037875430466,
      0.5029778776644598,
      0.5076382630176477,
      0.5109689547816874,
      0.5169466398524474,
      0.5218706176621788,
      0.5219283761044768,
      0.5330538282767844,
      0.5415196858362703,
      0.5420382670442723,
      0.5439531875272124,
      0.5503224606060663,
      0.5614093497480622,
      0.5682780995459271,
      0.57043650218317,
      0.5737659796401141,
      0.581889273148797,
      0.5834193941397073,
      0.5849653320301098,
      0.5855608212869369,
      0.5919056568796053,
      0.6047468245550789,
      0.6069599915774695,
      0.6087346192016476,
      0.6218878980183674,
      0.6250407919574502,
      0.6458366935360104,
      0.6491770621118022,
      0.6513296542589011,
      0.6739233548006747,
      0.7000548823171936
    ]
  }
}