{
  "task": "classification",
  "format": "onnx",
  "preset_name": "heuristic",
  "best_iteration": 3,
  "params": {
    "tree_method": "hist",
    "device": "cpu",
    "learning_rate": 0.1,
    "n_estimators": 2000,
    "early_stopping_rounds": 50,
    "max_depth": 3,
    "min_child_weight": 1,
    "subsample": 1.0,
    "colsample_bytree": 0.5,
    "colsample_bynode": 0.05,
    "reg_alpha": 0.3,
    "reg_lambda": 2.125,
    "gamma": 0.05,
    "max_bin": 128,
    "nthread": 16,
    "objective": "binary:logistic",
    "scale_pos_weight": 4.0476,
    "eval_metric": "auc"
  },
  "profile": {
    "n_samples": 106,
    "n_features": 1619,
    "n_p_ratio": 0.06547251389746757,
    "sparsity": 0.45612246087149066,
    "is_sparse_counts": false,
    "binary_feature_fraction": 0.004941321803582459,
    "feature_signal_strength": 0.09583979953858315,
    "feature_signal_p90": 0.1883730969270457,
    "task": "classification",
    "imbalance_ratio": 4.0476190476190474,
    "y_skewness": 0.0,
    "y_all_positive": false
  },
  "portfolio_scores": {},
  "decision_cutoff_raw": 0.1606072038412094,
  "decision_cutoff_raw_source": "oof_balanced_accuracy",
  "decision_cutoff_proba": 0.16589307065991415,
  "decision_cutoff_rank": 0.5904761904761905,
  "decision_cutoff_logit": -1.6150181786282332,
  "calibrator": {
    "method": "platt",
    "coef": 2.41243059734435,
    "intercept": -2.002471911328688
  },
  "ranker": {
    "knots": [
      0.008302925154566765,
      0.009848359040915966,
      0.010528400540351868,
      0.011560465209186077,
      0.014732787385582924,
      0.015843123197555542,
      0.015902219340205193,
      0.0163627527654171,
      0.0178664680570364,
      0.021230153739452362,
      0.022279219701886177,
      0.02257317118346691,
      0.023202328011393547,
      0.023438595235347748,
      0.024408739060163498,
      0.025105835869908333,
      0.025722570717334747,
      0.02831018529832363,
      0.0288420170545578,
      0.03106692247092724,
      0.03112592175602913,
      0.031147556379437447,
      0.03116152621805668,
      0.032512418925762177,
      0.033632680773735046,
      0.03524274379014969,
      0.03567035496234894,
      0.03667963296175003,
      0.036784764379262924,
      0.03780630603432655,
      0.03799716383218765,
      0.04054023697972298,
      0.044935282319784164,
      0.047680098563432693,
      0.048121534287929535,
      0.049413762986660004,
      0.049783606082201004,
      0.0548594705760479,
      0.05494799092411995,
      0.05557015910744667,
      0.055781539529561996,
      0.05656899884343147,
      0.05868695303797722,
      0.0600372776389122,
      0.07195070385932922,
      0.07342714816331863,
      0.07971589267253876,
      0.08858326077461243,
      0.09006934612989426,
      0.09163105487823486,
      0.09762347489595413,
      0.09926752746105194,
      0.10706929862499237,
      0.10996732115745544,
      0.11039510369300842,
      0.11044611036777496,
      0.11657567322254181,
      0.12236228585243225,
      0.12311429530382156,
      0.12568140029907227,
      0.13404478132724762,
      0.14836513996124268,
      0.1606072038412094,
      0.1762116700410843,
      0.1769777536392212,
      0.1775406002998352,
      0.18957585096359253,
      0.19488029181957245,
      0.2017284482717514,
      0.20202405750751495,
      0.20391380786895752,
      0.20699939131736755,
      0.21389345824718475,
      0.22333982586860657,
      0.24111242592334747,
      0.25367307662963867,
      0.2543487846851349,
      0.2546754777431488,
      0.26467180252075195,
      0.2655043601989746,
      0.27985355257987976,
      0.29035326838493347,
      0.2906566858291626,
      0.3322465121746063,
      0.344310998916626,
      0.3750382363796234,
      0.3760607838630676,
      0.4332408607006073,
      0.4384807348251343,
      0.44927260279655457,
      0.508632481098175,
      0.5661932826042175,
      0.5678930878639221,
      0.6134191751480103,
      0.6389850378036499,
      0.651187002658844,
      0.6560094356536865,
      0.6948733329772949,
      0.7045080065727234,
      0.7476059198379517,
      0.7599976062774658,
      0.7996548414230347,
      0.8267696499824524,
      0.8764060139656067,
      0.8967541456222534,
      0.9604104161262512
    ]
  }
}