{
  "n_components": 45,
  "n_features_in": 2048,
  "n_cal_knots": 200,
  "cal_min": 2.577571153640747,
  "cal_max": 52.051082611083984,
  "scaler": "standard"
}