{
  "mode": "slow",
  "descriptor_types": [
    "chemeleon",
    "clamp",
    "morgan"
  ],
  "n_compounds": 3856,
  "n_actives": 30,
  "ratio_actives": 0.007780082987551867,
  "population_prior": 0.007780082987551867,
  "portfolio": [
    "lr",
    "xgb",
    "rf",
    "svc"
  ],
  "num_batches": {
    "chemeleon": 2,
    "clamp": 2,
    "morgan": 2
  },
  "decision_cutoff_raw": 0.11938404001766185,
  "decision_cutoff_proba": 0.01611668986422999,
  "decision_cutoff_rank": 0.9454814624098867,
  "oof_aucs": {
    "chemeleon": 0.935990590695243,
    "clamp": 0.9215455654295173,
    "morgan": 0.9682697334030319
  },
  "proxy_aucs": {
    "chemeleon": 0.9387777777777778,
    "clamp": 0.9436,
    "morgan": 0.9149777777777779
  },
  "train_aucs": {
    "chemeleon": 1.0,
    "clamp": 1.0,
    "morgan": 1.0
  },
  "quality_aucs": {
    "chemeleon": 0.8719811813904861,
    "clamp": 0.8430911308590345,
    "morgan": 0.9365394668060638
  },
  "active_descriptors": {
    "chemeleon": true,
    "clamp": true,
    "morgan": true
  },
  "ad_hard_cutoffs": {
    "chemeleon": 0.05375000089406967,
    "clamp": 0.05000000074505806,
    "morgan": 0.05000000074505806
  },
  "rank_error_curves": {
    "chemeleon": [
      [
        0.3537357212976244,
        0.39040538758091153,
        0.41453484169209215,
        0.4387631808513166,
        0.45913044719526025,
        0.4789086548769752,
        0.5002529662185161,
        0.5245479547925105,
        0.5475700734118203,
        0.5730914198682735,
        0.5973513278388116,
        0.6239597158545727,
        0.651742237083266,
        0.6779794796279973,
        0.7096419560400655,
        0.7422834360230837,
        0.7821427338080281,
        0.8209605738911626,
        0.8776164363742596,
        0.9996999611800435
      ],
      [
        0.0044843442129550515,
        0.004577130679412581,
        0.004640949150364228,
        0.004700183952002936,
        0.004752694360338941,
        0.004811134850216244,
        0.004849464814443586,
        0.004891300701664917,
        0.0049594733312575984,
        0.005013302276766695,
        0.005089890538810152,
        0.005136081111986759,
        0.005198576865409899,
        0.005293500829177082,
        0.005427730721314279,
        0.005571877974470743,
        0.005923919020029064,
        0.006289605446669625,
        0.009136045637874141,
        0.22597996149364183
      ]
    ],
    "clamp": [
      [
        0.15174913614449737,
        0.18960325935053246,
        0.21376798209198566,
        0.2401108027111412,
        0.2660176305243729,
        0.29261832733363985,
        0.31944802798817357,
        0.3471924814398081,
        0.3745381147236083,
        0.40164327111675147,
        0.42754643386434055,
        0.45646879530511497,
        0.48796418418363025,
        0.5237126243031787,
        0.5663133675107209,
        0.6074245992016702,
        0.6546394635602956,
        0.7184743455885134,
        0.8153944758084049,
        0.9997995922829119
      ],
      [
        0.004014484839303106,
        0.00412344781714143,
        0.004179421214991369,
        0.0042505159139163634,
        0.00430233100464532,
        0.004329115364271368,
        0.0044082549461125385,
        0.004432778045563133,
        0.004507913339192087,
        0.0045574032480243274,
        0.004576177503099878,
        0.004668118728227068,
        0.004684622034163824,
        0.00473042637991749,
        0.004859299437155544,
        0.00494654673311062,
        0.005121979897809813,
        0.005450662238142258,
        0.006520428178113033,
        0.2134136622624113
      ]
    ],
    "morgan": [
      [
        0.19986847221826204,
        0.3138997181890866,
        0.35933948613272176,
        0.39298358763333985,
        0.4244757644453865,
        0.4516712653937732,
        0.4777002528745438,
        0.5048160816259163,
        0.5324706704712461,
        0.5572930478904317,
        0.5794161860270641,
        0.6052460279332215,
        0.6337990020666706,
        0.6621118536316484,
        0.6924711621374036,
        0.722390181625626,
        0.7565410358574762,
        0.8024527642508292,
        0.8592591984867699,
        0.999638369114419
      ],
      [
        0.004109471978335691,
        0.004234490547583666,
        0.004378683583389303,
        0.004449910809510949,
        0.004454757558620849,
        0.004636414685305194,
        0.004736562980193263,
        0.00461137766728042,
        0.00476174871005194,
        0.0047701555580542294,
        0.0049122237832755,
        0.004994546269624453,
        0.005287937380895405,
        0.005524283412644117,
        0.00558642576752101,
        0.005686222921620228,
        0.006261823748794535,
        0.007208964098540613,
        0.009159509205810674,
        0.24060283737989469
      ]
    ]
  },
  "decision_cutoff_logit": -4.111651930177245,
  "decision_cutoff_lift": 2.0715318705490278
}