{
  "task": "classification",
  "format": "onnx",
  "preset_name": "heuristic",
  "use_linear": false,
  "n_features_in": 771,
  "classes": [
    0,
    1
  ],
  "params": {
    "C": 0.324037,
    "class_weight": "balanced",
    "max_iter": 5000,
    "tol": 0.001,
    "random_state": 42,
    "use_linear": false,
    "kernel": "rbf",
    "gamma": "scale"
  },
  "profile": {
    "n_samples": 105,
    "n_features": 771,
    "n_p_ratio": 0.13618677042801555,
    "sparsity": 0.9437588783892286,
    "is_sparse_counts": false,
    "binary_feature_fraction": 0.6926070038910506,
    "feature_signal_strength": 0.09139924057405674,
    "feature_signal_p90": 0.17296675047727453,
    "task": "classification",
    "imbalance_ratio": 1.837837837837838,
    "y_skewness": 0.0,
    "y_all_positive": false
  },
  "portfolio_scores": {},
  "decision_cutoff_raw": 0.38634597287153466,
  "decision_cutoff_raw_source": "oof_balanced_accuracy",
  "decision_cutoff_proba": 0.3532236960253819,
  "decision_cutoff_rank": 0.5961538461538461,
  "decision_cutoff_logit": -0.604898935228407,
  "calibrator": {
    "method": "platt",
    "coef": 0.6066123811568239,
    "intercept": -0.8392611857823584
  },
  "ranker": {
    "knots": [
      0.29596043362272995,
      0.29666397260604216,
      0.297159450060849,
      0.29846994758956485,
      0.30124814616199624,
      0.30518950730473476,
      0.30631393089540854,
      0.30959495154586175,
      0.3113905941273887,
      0.31520370529803793,
      0.31729496128160656,
      0.3274207274066131,
      0.3284954919886602,
      0.33501318927581136,
      0.33558649332339713,
      0.3356666167790646,
      0.33931253950459034,
      0.34066999908251855,
      0.34094657541158396,
      0.3425272503475502,
      0.3470175342380203,
      0.3475288849527513,
      0.34775200560858316,
      0.3492864467554288,
      0.35033430442268987,
      0.3508003110119042,
      0.3508415209249849,
      0.35169732545756477,
      0.354072972346112,
      0.3544246878031375,
      0.35658522601717396,
      0.35827752926575085,
      0.3584910521089344,
      0.3591678386275019,
      0.3601576833057024,
      0.3607301333586111,
      0.3609861965939908,
      0.3619381108988492,
      0.3636159364665355,
      0.36671790728680365,
      0.36689225081851173,
      0.36722168718211473,
      0.36788500190404844,
      0.36839381675268357,
      0.368510224302495,
      0.3705142036178333,
      0.37203315537926557,
      0.3732477465800468,
      0.37355632015110385,
      0.3737559877862327,
      0.3755854429143238,
      0.37683401998846644,
      0.3775164431585579,
      0.377622324498137,
      0.3788179334295769,
      0.38001375876425175,
      0.3820458029890625,
      0.3822192807404159,
      0.3839621144561845,
      0.3857127215527487,
      0.3858799225101518,
      0.3861720400777861,
      0.38634597287153466,
      0.3877968823959461,
      0.3880632672342384,
      0.3881473892849231,
      0.38854936745833657,
      0.3892380506593208,
      0.38982848607560927,
      0.39006296633421295,
      0.39241710600306673,
      0.39326647471038145,
      0.3950881727046434,
      0.3981414524823662,
      0.39830343203692314,
      0.398586220031711,
      0.40092648701478534,
      0.4026713743221607,
      0.40342342946541954,
      0.4034899538318073,
      0.4056857706483735,
      0.4060247760236949,
      0.40753813064700833,
      0.40922999181609965,
      0.4110400835034593,
      0.41185960707788893,
      0.41272297650627404,
      0.4148015455250868,
      0.4223982821754079,
      0.4227581900501394,
      0.42486151451348747,
      0.42590601857301164,
      0.4278958861364339,
      0.430366625886926,
      0.4339373357359932,
      0.43477282785563764,
      0.4429667043991531,
      0.4436893996230011,
      0.45025136667073523,
      0.4844253781627291,
      0.48760582606621383,
      0.49214719269176793,
      0.49875322644017084,
      0.4994435951599562,
      0.5450853086566951
    ]
  }
}