{
  "task": "classification",
  "format": "onnx",
  "preset_name": "heuristic",
  "best_iteration": 360,
  "params": {
    "tree_method": "hist",
    "device": "cpu",
    "learning_rate": 0.1,
    "n_estimators": 2000,
    "early_stopping_rounds": 50,
    "max_depth": 3,
    "min_child_weight": 1,
    "subsample": 1.0,
    "colsample_bytree": 0.5,
    "colsample_bynode": 0.072,
    "reg_alpha": 0.3,
    "reg_lambda": 2.125,
    "gamma": 0.05,
    "max_bin": 128,
    "nthread": 16,
    "objective": "binary:logistic",
    "scale_pos_weight": 1.8378,
    "eval_metric": "auc"
  },
  "profile": {
    "n_samples": 105,
    "n_features": 771,
    "n_p_ratio": 0.13618677042801555,
    "sparsity": 0.9437588783892286,
    "is_sparse_counts": false,
    "binary_feature_fraction": 0.6926070038910506,
    "feature_signal_strength": 0.09139924057405674,
    "feature_signal_p90": 0.17296675047727453,
    "task": "classification",
    "imbalance_ratio": 1.837837837837838,
    "y_skewness": 0.0,
    "y_all_positive": false
  },
  "portfolio_scores": {},
  "decision_cutoff_raw": 0.2678963243961334,
  "decision_cutoff_raw_source": "oof_balanced_accuracy",
  "decision_cutoff_proba": 0.3220099407099332,
  "decision_cutoff_rank": 0.38461538461538464,
  "decision_cutoff_logit": -0.7445502091809854,
  "calibrator": {
    "method": "platt",
    "coef": 1.0826731410645556,
    "intercept": -1.0345943641945963
  },
  "ranker": {
    "knots": [
      0.016226908192038536,
      0.022924665361642838,
      0.03350905328989029,
      0.034057293087244034,
      0.04923403263092041,
      0.05598563328385353,
      0.060368724167346954,
      0.06134048104286194,
      0.06154787540435791,
      0.0659746453166008,
      0.06738287955522537,
      0.06965426355600357,
      0.07236659526824951,
      0.07942982763051987,
      0.08675231039524078,
      0.1001192182302475,
      0.10289442539215088,
      0.10521969199180603,
      0.10706494748592377,
      0.11015059053897858,
      0.11562110483646393,
      0.12916600704193115,
      0.1310485452413559,
      0.16486817598342896,
      0.17252442240715027,
      0.1866161972284317,
      0.19295567274093628,
      0.20189031958580017,
      0.20635081827640533,
      0.21002444624900818,
      0.2151809185743332,
      0.21702004969120026,
      0.2170644849538803,
      0.2190435230731964,
      0.2209380865097046,
      0.2432980090379715,
      0.24421635270118713,
      0.24554264545440674,
      0.24968169629573822,
      0.2509264647960663,
      0.2678963243961334,
      0.2701832056045532,
      0.27042728662490845,
      0.2708401083946228,
      0.28495073318481445,
      0.2977339029312134,
      0.29782214760780334,
      0.31732097268104553,
      0.3284195065498352,
      0.3352440893650055,
      0.33904504776000977,
      0.3397323191165924,
      0.3468012511730194,
      0.3469576835632324,
      0.351698100566864,
      0.35380715131759644,
      0.3568652868270874,
      0.3623270094394684,
      0.36428090929985046,
      0.3713977038860321,
      0.3892928659915924,
      0.39684754610061646,
      0.4003952145576477,
      0.4042316973209381,
      0.41038811206817627,
      0.4136379063129425,
      0.4150281846523285,
      0.4230920076370239,
      0.45410582423210144,
      0.4544260799884796,
      0.4713960587978363,
      0.5147839188575745,
      0.5148318409919739,
      0.5245774984359741,
      0.5271008014678955,
      0.5548862218856812,
      0.5670782923698425,
      0.5679046511650085,
      0.5773589611053467,
      0.580414891242981,
      0.5813815593719482,
      0.5883868932723999,
      0.5906922221183777,
      0.6236491203308105,
      0.6395868062973022,
      0.6539331078529358,
      0.6774237751960754,
      0.7076184153556824,
      0.7238391041755676,
      0.7315775156021118,
      0.7316067814826965,
      0.7589161396026611,
      0.7603820562362671,
      0.7704817652702332,
      0.7774966955184937,
      0.7804674506187439,
      0.7809041738510132,
      0.8164321780204773,
      0.8269135355949402,
      0.8510095477104187,
      0.8944247961044312,
      0.8955433964729309,
      0.8967791795730591,
      0.9096354246139526,
      0.9188928008079529
    ]
  }
}