{
  "task": "classification",
  "format": "onnx",
  "preset_name": "default",
  "use_linear": false,
  "n_features_in": 1827,
  "classes": [
    0,
    1
  ],
  "params": {
    "C": 1.0,
    "kernel": "rbf",
    "gamma": "scale",
    "class_weight": "balanced",
    "max_iter": 2790,
    "tol": 0.001,
    "random_state": 42,
    "use_linear": false
  },
  "profile": {
    "n_samples": 558,
    "n_features": 1827,
    "n_p_ratio": 0.3054187192118227,
    "sparsity": 0.5277870963818313,
    "is_sparse_counts": false,
    "binary_feature_fraction": 0.0021893814997263274,
    "feature_signal_strength": 0.07043230453943883,
    "feature_signal_p90": 0.16762293694257513,
    "task": "classification",
    "imbalance_ratio": 12.609756097560975,
    "y_skewness": 0.0,
    "y_all_positive": false
  },
  "portfolio_scores": {
    "heuristic": 0.8589473684210526,
    "default": 0.8564912280701755,
    "linear": 0.7880701754385965,
    "balanced_rbf": 0.828421052631579
  },
  "decision_cutoff_raw": 0.30170683027129735,
  "decision_cutoff_raw_source": "oof_balanced_accuracy",
  "decision_cutoff_proba": 0.06894087352803037,
  "decision_cutoff_rank": 0.6983842010771993,
  "decision_cutoff_logit": -2.6030735519701893,
  "calibrator": {
    "method": "platt",
    "coef": 5.245409001844508,
    "intercept": -4.185649275393225
  },
  "ranker": {
    "knots": [
      0.15298974204554303,
      0.1617208944114678,
      0.1646444151356617,
      0.16594874644594215,
      0.16785180549094145,
      0.1703013045106412,
      0.17255229303834388,
      0.17321872030522187,
      0.17488170425305444,
      0.17672327119340128,
      0.18363618572820276,
      0.1846530960086814,
      0.18479996198785625,
      0.18498975048903257,
      0.18606753523408381,
      0.18635843810590616,
      0.18638394969474448,
      0.18832918720901592,
      0.19016445972486581,
      0.19017877013196696,
      0.191951962768927,
      0.1933352578089314,
      0.19353333709697712,
      0.1941682400865949,
      0.19445301137503324,
      0.1952764378469078,
      0.19539418058861732,
      0.1954582039148456,
      0.19568193512146395,
      0.19572725696969565,
      0.19574501940442599,
      0.19618858669962852,
      0.1962840853261368,
      0.1962930870232535,
      0.19657272728196531,
      0.1968389310306024,
      0.19817807591764872,
      0.1989458206398143,
      0.20072171180643184,
      0.2026521801623371,
      0.2028415316856834,
      0.2048355288548869,
      0.20633161163204333,
      0.20662275843874367,
      0.2070066722495873,
      0.20725598411662802,
      0.2073270156398101,
      0.20762385579708714,
      0.2078920465216541,
      0.20792011583559494,
      0.20800293325679706,
      0.20820809228153778,
      0.20911850097689352,
      0.20961234644585286,
      0.21003574121321877,
      0.21162090688877222,
      0.21169830963789393,
      0.21174504855282628,
      0.21176394882684915,
      0.2120641801532432,
      0.2129513591097374,
      0.21304948304825413,
      0.21309905187442185,
      0.21382466794990307,
      0.2140366395966791,
      0.21414163039054132,
      0.21537331824359512,
      0.21572199954254764,
      0.2163119369625665,
      0.2171758255820287,
      0.21763756795833056,
      0.21797091120371992,
      0.2181425875989859,
      0.21897202698805326,
      0.2194934769983086,
      0.21977057317277374,
      0.21986776295134217,
      0.22029904776621437,
      0.22034724862788055,
      0.22055597278043645,
      0.22059036723955458,
      0.220650261102003,
      0.22237246964127486,
      0.22252849616822595,
      0.22272362758973588,
      0.2233966781554036,
      0.2234554556369046,
      0.22389593929816332,
      0.22398058819369662,
      0.22421581163799503,
      0.2245912954237865,
      0.22521217660214202,
      0.2252403681612509,
      0.22567197815735549,
      0.22588219812007337,
      0.22649163753633958,
      0.22655868056250938,
      0.22697768028169318,
      0.22709709310623594,
      0.22729212131988913,
      0.2273296604243287,
      0.22752320607384466,
      0.22823493719685142,
      0.22834638897900597,
      0.2292921629618237,
      0.2304208082449955,
      0.23053756345700466,
      0.23080119068609187,
      0.23129159118638198,
      0.2318414509080796,
      0.23216625842868857,
      0.23243095209750364,
      0.2325858622367803,
      0.23273243881451572,
      0.2327782375448114,
      0.23293329936132168,
      0.23321965080118953,
      0.23323827836265026,
      0.2332478387771991,
      0.2333473893790063,
      0.2333897091652802,
      0.23343724798120935,
      0.2334639951304721,
      0.2335933955958438,
      0.23378434563491096,
      0.23402234856198262,
      0.23470355993398068,
      0.23482320679757465,
      0.23537533794053406,
      0.2355634449829064,
      0.23574827641301677,
      0.2360053393497027,
      0.2362708816402687,
      0.2364793313659409,
      0.23692839123767126,
      0.23728768149841084,
      0.23772408066318837,
      0.23794106198662776,
      0.23808795245374004,
      0.23833334728815267,
      0.23861995911591322,
      0.238632697991174,
      0.2389569272663754,
      0.2391446314986061,
      0.23952254939080747,
      0.23986620991270452,
      0.2400112865515424,
      0.24003993682701585,
      0.24058856643692764,
      0.24159630778660152,
      0.24220274248715537,
      0.24244697098925574,
      0.242465140118648,
      0.2426505850877914,
      0.24358816869590563,
      0.24380310431655128,
      0.2438552822908422,
      0.2439414279175019,
      0.2440413547899152,
      0.24407747836276344,
      0.24442499651754293,
      0.24449934077822294,
      0.24498169441256273,
      0.24504236565977738,
      0.2451584903382538,
      0.2452413709836865,
      0.2453999723762173,
      0.24559514682552322,
      0.24571199324522058,
      0.24598040032423682,
      0.24602985731700025,
      0.2461348677052469,
      0.246462677690419,
      0.2464960254926474,
      0.24653471398805551,
      0.24660289500037733,
      0.24673314068502564,
      0.24682821317568332,
      0.2468631629974402,
      0.24691873962231675,
      0.2469645858771794,
      0.247134616011319,
      0.24732305177365324,
      0.24749204319810625,
      0.2475730519687961,
      0.2477054120911933,
      0.2477156692195743,
      0.24787520145312028,
      0.24815544960275693,
      0.24821391871900708,
      0.24823918883824744,
      0.24845967455411874,
      0.2486685732637316,
      0.24893223858979024,
      0.2493872192061086,
      0.24966215342220288,
      0.25002023873049933,
      0.2501143115772925,
      0.25042284733740616,
      0.25051430082463627,
      0.2509306481199582,
      0.25120562608279307,
      0.2514727652919638,
      0.2520161176129296,
      0.2523763186968352,
      0.25277648755746945,
      0.2529704632039402,
      0.2531022546225915,
      0.2534225145272803,
      0.25352815751929814,
      0.25373635278391654,
      0.25397014147970465,
      0.25400167244317123,
      0.2542657258752339,
      0.2542879744534383,
      0.25451793966752667,
      0.25459260834106423,
      0.25486212151694254,
      0.2549323645510623,
      0.25511147524458794,
      0.25558995267090256,
      0.25610964631073213,
      0.2563780320054221,
      0.25649507944193145,
      0.25655059960260707,
      0.2565780549119719,
      0.2566042958099245,
      0.25667267257624915,
      0.2567482700876387,
      0.2567861836501399,
      0.25689104291487314,
      0.25691134792843706,
      0.2579295876317175,
      0.2580831825955443,
      0.25809914649507776,
      0.2581630455608044,
      0.25832456792379854,
      0.25871278399768505,
      0.2587458207824396,
      0.25893520775279055,
      0.2597683767858481,
      0.2600225541737542,
      0.2601070264193013,
      0.2601708381543144,
      0.2604845766758884,
      0.2605676058684855,
      0.260742560677802,
      0.2614273844543985,
      0.2618461662230671,
