{
  "task": "classification",
  "format": "onnx",
  "preset_name": "default",
  "best_iteration": 99,
  "params": {
    "tree_method": "hist",
    "device": "cpu",
    "learning_rate": 0.3,
    "max_depth": 6,
    "min_child_weight": 1,
    "subsample": 1.0,
    "colsample_bytree": 1.0,
    "reg_alpha": 0.0,
    "reg_lambda": 1.0,
    "max_bin": 256,
    "n_estimators": 2000,
    "early_stopping_rounds": 50,
    "nthread": 32,
    "objective": "binary:logistic",
    "scale_pos_weight": 12.6098,
    "max_delta_step": 1,
    "eval_metric": "aucpr"
  },
  "profile": {
    "n_samples": 558,
    "n_features": 1827,
    "n_p_ratio": 0.3054187192118227,
    "sparsity": 0.5277870963818313,
    "is_sparse_counts": false,
    "binary_feature_fraction": 0.0021893814997263274,
    "feature_signal_strength": 0.07043230453943883,
    "feature_signal_p90": 0.16762293694257513,
    "task": "classification",
    "imbalance_ratio": 12.609756097560975,
    "y_skewness": 0.0,
    "y_all_positive": false
  },
  "portfolio_scores": {
    "flaml": NaN,
    "autogluon": NaN,
    "heuristic": 0.7761577361298603,
    "default": 0.7812084162703421
  },
  "decision_cutoff_raw": 0.015063109807670116,
  "decision_cutoff_raw_source": "oof_balanced_accuracy",
  "decision_cutoff_proba": 0.053112929474665976,
  "decision_cutoff_rank": 0.8312387791741472,
  "decision_cutoff_logit": -2.8807594448261464,
  "calibrator": {
    "method": "platt",
    "coef": 4.1081482252703045,
    "intercept": -2.942640932649578
  },
  "ranker": {
    "knots": [
      0.00012088836228940636,
      0.0001675213861744851,
      0.00020773091819137335,
      0.00022727098257746547,
      0.00023125075676944107,
      0.00023173193039838225,
      0.00024889150517992675,
      0.0002568055933807045,
      0.0002663600316736847,
      0.0002668826491571963,
      0.0002746392274275422,
      0.00027566123753786087,
      0.0002839264052454382,
      0.00029520608950406313,
      0.00029579069814644754,
      0.00029776536393910646,
      0.00030117834103293717,
      0.0003027230850420892,
      0.00030977328424341977,
      0.00031848560320213437,
      0.0003301262913737446,
      0.00033817667281255126,
      0.0003403414157219231,
      0.00034172445884905756,
      0.0003507823566906154,
      0.00035225972533226013,
      0.0003618229820858687,
      0.00036293434095568955,
      0.0003641636576503515,
      0.0003820501733571291,
      0.00038397841854020953,
      0.00039655211730860174,
      0.0003977685992140323,
      0.00040403270395472646,
      0.0004088284622412175,
      0.00042230330291204154,
      0.00042663223575800657,
      0.00042730869608931243,
      0.00044244236778467894,
      0.0004439887125045061,
      0.0004498724010773003,
      0.00045072505599819124,
      0.0004545192641671747,
      0.00045519936247728765,
      0.0004570668388623744,
      0.0004579360247589648,
      0.00046788767213001847,
      0.00047307644854299724,
      0.0004767194332089275,
      0.00047881249338388443,
      0.0004891159478574991,
      0.0004901514039374888,
      0.0004917823243886232,
      0.0004946864792145789,
      0.0004961416125297546,
      0.000496339809615165,
      0.0005005839047953486,
      0.0005013314657844603,
      0.0005014067282900214,
      0.0005032470799051225,
      0.000504303490743041,
      0.000508193566929549,
      0.0005082904826849699,
      0.0005119199049659073,
      0.0005130622303113341,
      0.000514076033141464,
      0.000519205117598176,
      0.0005241911858320236,
      0.0005254793795756996,
      0.0005286299856379628,
      0.0005375184118747711,
      0.0005392719176597893,
      0.0005418806686066091,
      0.0005425235722213984,
      0.000546637165825814,
      0.0005486567388288677,
      0.0005561670404858887,
      0.0005613500252366066,
      0.0005730551201850176,
      0.0005732717690989375,
      0.0005743806250393391,
      0.0005750966374762356,
      0.000580151448957622,
      0.0005811888840980828,
      0.0005814426112920046,
      0.0005919652758166194,
      0.0005966227035969496,
      0.0005967327742837369,
      0.0006002273876219988,
      0.0006057306309230626,
      0.0006057390128262341,
      0.0006112756091170013,
      0.000613347627222538,
      0.0006141195190139115,
      0.0006171474233269691,
      0.0006365778390318155,
      0.0006406881147995591,
      0.0006448067724704742,
      0.0006576853338629007,
      0.000670122797600925,
      0.0006745202117599547,
      0.0006772903725504875,
      0.000682024285197258,
      0.0006861207657493651,
      0.0006895516999065876,
      0.0006957043660804629,
      0.0007115557673387229,
      0.000716283218935132,
      0.000717753719072789,
      0.0007269716588780284,
      0.0007282415754161775,
      0.0007395880529657006,
      0.0007397502195090055,
      0.0007402977789752185,
      0.0007415415602736175,
      0.0007463304791599512,
      0.0007522784871980548,
      0.0007578983204439282,
      0.0007606401923112571,
      0.0007672693463973701,
      0.000770599755924195,
      0.0007711797370575368,
      0.000772263330873102,
      0.0007856330485083163,
      0.0008033369085751474,
      0.0008065904257819057,
      0.0008249037200585008,
      0.0008435453055426478,
      0.0008445808198302984,
      0.0008502561249770224,
      0.0008507508900947869,
      0.0008507666643708944,
      0.0008566924370825291,
      0.0008588326163589954,
      0.0008649065275676548,
      0.0008682030020281672,
      0.0008696602890267968,
      0.0008703797939233482,
      0.0008778211777098477,
      0.0008779889321886003,
      0.0008790038409642875,
      0.0008829327416606247,
      0.0008850286831147969,
      0.0008863168768584728,
      0.0008880007662810385,
      0.0008919757674448192,
      0.0008964125881902874,
      0.0008965441375039518,
      0.000910337024834007,
      0.0009220726205967367,
      0.0009279894875362515,
      0.0009391113999299705,
      0.0009403361473232508,
      0.000948841858189553,
      0.0009490991360507905,
      0.0009521264582872391,
      0.0009533051634207368,
      0.0009615957969799638,
      0.0009634849266149104,
      0.0009688751306384802,
      0.0009747034055180848,
      0.0009787747403606772,
      0.0010046459501609206,
      0.0010071524884551764,
      0.001015007495880127,
      0.0010293747764080763,
      0.0010324527975171804,
      0.0010497410548850894,
      0.0010552337625995278,
      0.0010563250398263335,
      0.0010566490236669779,
      0.0010693743824958801,
      0.001076181884855032,
      0.0010943369707092643,
      0.0010952511802315712,
      0.0011018614750355482,
      0.00114868872333318,
      0.0011567207984626293,
      0.0011608718195930123,
      0.0011656065471470356,
      0.0011896335054188967,
      0.0011898725060746074,
      0.0012072714744135737,
      0.0012093230616301298,
      0.0012245674151927233,
      0.0012247844133526087,
      0.001237503020092845,
      0.0012423167936503887,
      0.0012594423023983836,
      0.0012685045367106795,
      0.0012886205222457647,
      0.0012948692310601473,
      0.0013053517322987318,
      0.0013167797587811947,
      0.0013186817523092031,
      0.00133082689717412,
      0.0013395196292549372,
      0.0013518847990781069,
      0.0013555042678490281,
      0.0013609009329229593,
      0.001361643080599606,
      0.0013740393333137035,
      0.001393524231389165,
      0.001398290740326047,
      0.0014053615741431713,
      0.0014071936020627618,
      0.0014124580193310976,
      0.0014168479247018695,
      0.001430129399523139,
      0.0014363512163981795,
      0.0014418968930840492,
      0.001442982000298798,
      0.001463604741729796,
      0.001472944626584649,
      0.0014746659435331821,
      0.0014749517431482673,
      0.0014749538386240602,
      0.001480601727962494,
      0.0015139883616939187,
      0.001523163286037743,
      0.001524604856967926,
      0.0015687070554122329,
      0.0015702485106885433,
