{
    "portfolio": [
        "xgb",
        "rf"
    ],
    "max_batch_size": 100000,
    "max_imbalance_ratio": 100,
    "num_batches": 12,
    "population_prior": 0.0008328944306309176,
    "batch_priors": [
        0.009903874162540053,
        0.009903874162540053,
        0.009903874162540053,
        0.009903874162540053,
        0.009903874162540053,
        0.009903874162540053,
        0.009903874162540053,
        0.009903874162540053,
        0.009903874162540053,
        0.009903874162540053,
        0.009903874162540053,
        0.009905316824471959
    ],
    "decision_cutoff_raw": 0.020120560022373207,
    "decision_cutoff_proba": 0.007331871175128291,
    "decision_cutoff_rank": 0.9405370276876557,
    "decision_cutoff_logit": -4.9081656379341165,
    "decision_cutoff_lift": 8.802881740455868
}