{
  "mode": "slow",
  "descriptor_types": [
    "chemeleon",
    "clamp"
  ],
  "n_compounds": 81644,
  "n_actives": 2233,
  "ratio_actives": 0.02735044828768801,
  "population_prior": 0.02735044828768801,
  "portfolio": [
    "xgb",
    "rf"
  ],
  "num_batches": {
    "chemeleon": 1,
    "clamp": 1
  },
  "decision_cutoff_raw": 0.051439865372655866,
  "decision_cutoff_proba": 0.02950314925465892,
  "decision_cutoff_rank": 0.8203154310704761,
  "oof_aucs": {
    "chemeleon": 0.9141275265654804,
    "clamp": 0.9195238681920583
  },
  "proxy_aucs": {
    "chemeleon": 0.7826092089574654,
    "clamp": 0.8535798071248515
  },
  "train_aucs": {
    "chemeleon": 1.0,
    "clamp": 0.9999999971803148
  },
  "quality_aucs": {
    "chemeleon": 0.8282550531309607,
    "clamp": 0.8390477392038018
  },
  "active_descriptors": {
    "chemeleon": true,
    "clamp": true
  },
  "ad_hard_cutoffs": {
    "chemeleon": 0.05000000074505806,
    "clamp": 0.05000000074505806
  },
  "rank_error_curves": {
    "chemeleon": [
      [
        0.004312196089561418,
        0.11160800391381132,
        0.16889132487364972,
        0.21682411288446896,
        0.25934233533505135,
        0.29742533794924386,
        0.33542351704231727,
        0.37265768133812516,
        0.40945175417175017,
        0.44727869098905393,
        0.48588451638500824,
        0.5261815671124104,
        0.5681357966036947,
        0.6141690828229736,
        0.6642574762547144,
        0.7181291463693759,
        0.7797583817013138,
        0.8497761208373217,
        0.9283696977367859,
        1.0
      ],
      [
        0.0013331961788000412,
        0.0017741469859595888,
        0.0021717138011909574,
        0.00245307911882694,
        0.002686556300286767,
        0.003067227043857555,
        0.0035663866955929356,
        0.004206138335938636,
        0.005024554992815459,
        0.005890682773188154,
        0.006894806145296416,
        0.00802329365713117,
        0.009570028933277347,
        0.01135552560035795,
        0.013925808942576856,
        0.017881326947695612,
        0.024684749330258594,
        0.03980901746857307,
        0.11902019468345554,
        0.25135740163960324
      ]
    ],
    "clamp": [
      [
        0.0028088776888799427,
        0.09354656594196624,
        0.14936809957047564,
        0.19717817511903687,
        0.24019456463947236,
        0.2815549884684488,
        0.32055924628199556,
        0.3589969318492332,
        0.3966549798742457,
        0.435737671122862,
        0.47673645875846965,
        0.519596751314948,
        0.5664748961288041,
        0.6156691498819924,
        0.6693387133760793,
        0.7265561327143395,
        0.7871938525330128,
        0.8537885711960934,
        0.9269695794796523,
        1.0
      ],
      [
        0.0008050483625922183,
        0.001120214177199557,
        0.0014986189931002192,
        0.0019864931879074463,
        0.0023656240475041714,
        0.002722634980974396,
        0.0031741973863360115,
        0.0037469976066361824,
        0.004404969257570783,
        0.005156270013416348,
        0.0060462423353469935,
        0.007048950475356781,
        0.00832651377225595,
        0.009920367649194593,
        0.012337376433764312,
        0.01608222665896462,
        0.022714130607775898,
        0.037260379119003706,
        0.11811750764367131,
        0.21026097203631297
      ]
    ]
  },
  "decision_cutoff_logit": -3.4933111455790367,
  "decision_cutoff_lift": 1.0787080688523836
}