{
    "portfolio": [
        "lr",
        "xgb",
        "rf",
        "svc"
    ],
    "max_batch_size": 100000,
    "max_imbalance_ratio": 100,
    "num_batches": 1,
    "population_prior": 0.07347670250896057,
    "batch_priors": [
        0.07347670250896057
    ],
    "decision_cutoff_raw": 0.11169248502163723,
    "decision_cutoff_proba": 0.06342526449595011,
    "decision_cutoff_rank": 0.8186714542190305,
    "decision_cutoff_logit": -2.692367046001579,
    "decision_cutoff_lift": 0.8632023802131746
}