{
  "n_components": 45,
  "n_features_in": 2048,
  "n_cal_knots": 200,
  "cal_min": 2.9329187870025635,
  "cal_max": 37.35983657836914,
  "scaler": "standard"
}