{
  "mode": "slow",
  "descriptor_types": [
    "chemeleon",
    "clamp"
  ],
  "n_compounds": 81643,
  "n_actives": 93,
  "ratio_actives": 0.0011391056183628725,
  "population_prior": 0.0011391056183628725,
  "portfolio": [
    "xgb",
    "rf"
  ],
  "num_batches": {
    "chemeleon": 9,
    "clamp": 9
  },
  "decision_cutoff_raw": 0.02251481819271116,
  "decision_cutoff_proba": 0.008684598301682708,
  "decision_cutoff_rank": 0.8913118158759423,
  "oof_aucs": {
    "chemeleon": 0.9373708687532373,
    "clamp": 0.9286784710571349
  },
  "proxy_aucs": {
    "chemeleon": 0.9005283847843681,
    "clamp": 0.9136004162330904
  },
  "train_aucs": {
    "chemeleon": 0.9999990770224746,
    "clamp": 0.9999643994383023
  },
  "quality_aucs": {
    "chemeleon": 0.874742660484,
    "clamp": 0.8573925426759674
  },
  "active_descriptors": {
    "chemeleon": true,
    "clamp": true
  },
  "ad_hard_cutoffs": {
    "chemeleon": 0.05000000074505806,
    "clamp": 0.05000000074505806
  },
  "rank_error_curves": {
    "chemeleon": [
      [
        0.07944908881913251,
        0.16271865304855762,
        0.20125078105355415,
        0.23603585963684498,
        0.26825843536613764,
        0.30020401064063523,
        0.33260487288857354,
        0.3647020415430011,
        0.39741353147091224,
        0.43129644218090185,
        0.46701574969271814,
        0.5050626350914967,
        0.5448462011522811,
        0.587784411248138,
        0.6348921575265767,
        0.6863153710563225,
        0.7450869094866588,
        0.8129735727286189,
        0.896334556327075,
        1.0
      ],
      [
        0.0008136781315304961,
        0.0008177913516698056,
        0.0008214590171957361,
        0.0008244542015107645,
        0.0008275041395570004,
        0.0008305964665229749,
        0.0008339124720530202,
        0.0008375641473112146,
        0.0008412666680956589,
        0.0008453963449466647,
        0.000850809119581862,
        0.0008568704532223369,
        0.0008640988802041604,
        0.0008727088970710244,
        0.0008838931109621178,
        0.0008996058228959954,
        0.0009247667100239482,
        0.0009681286834151298,
        0.0011034386016038201,
        0.033244638143502044
      ]
    ],
    "clamp": [
      [
        0.07649241472049867,
        0.18092721848630922,
        0.2291663839320545,
        0.26817947247502716,
        0.30537808138430894,
        0.3405367563295705,
        0.3735819917509704,
        0.40671611093003734,
        0.43945210155719444,
        0.4725811652367946,
        0.5065773410054581,
        0.5410967165591629,
        0.5773536515106916,
        0.6170216087266636,
        0.6594625836964385,
        0.7082840192795634,
        0.7638755021353656,
        0.8284291366045377,
        0.907621795749717,
        0.999986453234504
      ],
      [
        0.000753873067797858,
        0.0007577978818453671,
        0.0007613744346129552,
        0.0007647085217323658,
        0.0007677989576471738,
        0.0007709092271200116,
        0.0007738918854723717,
        0.000777130761142413,
        0.0007810340503363325,
        0.0007848064496101004,
        0.0007893821424608,
        0.0007946263156582734,
        0.0008009855123681941,
        0.0008089934768727236,
        0.0008191537547499093,
        0.0008332719381546718,
        0.0008559322679435052,
        0.0008966490637642358,
        0.0010318719716155757,
        0.03713138992732667
      ]
    ]
  },
  "decision_cutoff_logit": -4.737481603128967,
  "decision_cutoff_lift": 7.624050098325606
}