{
    "portfolio": [
        "lr",
        "xgb",
        "rf",
        "svc"
    ],
    "max_batch_size": 100000,
    "max_imbalance_ratio": 100,
    "num_batches": 1,
    "population_prior": 0.12785622593068036,
    "batch_priors": [
        0.12785622593068036
    ],
    "decision_cutoff_raw": 0.26247548967409545,
    "decision_cutoff_proba": 0.12432431990995453,
    "decision_cutoff_rank": 0.7222650231124808,
    "decision_cutoff_logit": -1.9521021598512238,
    "decision_cutoff_lift": 0.9723759559222348
}