{
    "portfolio": [
        "xgb",
        "rf"
    ],
    "max_batch_size": 100000,
    "max_imbalance_ratio": 100,
    "num_batches": 1,
    "population_prior": 0.02735044828768801,
    "batch_priors": [
        0.02735044828768801
    ],
    "decision_cutoff_raw": 0.05144402841434807,
    "decision_cutoff_proba": 0.029734045482076976,
    "decision_cutoff_rank": 0.8161859257050963,
    "decision_cutoff_logit": -3.4852775120104105,
    "decision_cutoff_lift": 1.0871502057047437
}