{
  "mode": "slow",
  "descriptor_types": [
    "chemeleon",
    "clamp",
    "morgan"
  ],
  "n_compounds": 81643,
  "n_actives": 1649,
  "ratio_actives": 0.02019768994279975,
  "population_prior": 0.02019768994279975,
  "portfolio": [
    "xgb",
    "rf"
  ],
  "num_batches": {
    "chemeleon": 1,
    "clamp": 1,
    "morgan": 1
  },
  "decision_cutoff_raw": 0.08870757734673063,
  "decision_cutoff_proba": 0.02183029717524879,
  "decision_cutoff_rank": 0.8283047510718878,
  "oof_aucs": {
    "chemeleon": 0.887319001168872,
    "clamp": 0.8874043585409598,
    "morgan": 0.8842593000418026
  },
  "proxy_aucs": {
    "chemeleon": 0.7896338738443588,
    "clamp": 0.827950680291319,
    "morgan": 0.7773403692056771
  },
  "train_aucs": {
    "chemeleon": 0.9999584186521691,
    "clamp": 0.9999853915665871,
    "morgan": 0.9972452300205112
  },
  "quality_aucs": {
    "chemeleon": 0.7746795836855749,
    "clamp": 0.7748233255153325,
    "morgan": 0.771273370063094
  },
  "active_descriptors": {
    "chemeleon": true,
    "clamp": true,
    "morgan": true
  },
  "ad_hard_cutoffs": {
    "chemeleon": 0.05000000074505806,
    "clamp": 0.05000000074505806,
    "morgan": 0.05000000074505806
  },
  "rank_error_curves": {
    "chemeleon": [
      [
        0.006705602624146142,
        0.12478556731725951,
        0.18567268249075972,
        0.23684089277812925,
        0.28209991119368677,
        0.324828217458937,
        0.364336628652988,
        0.4025722594027319,
        0.43975101062067784,
        0.4764368460509253,
        0.5134713898510432,
        0.5512038115640057,
        0.5924213353850835,
        0.6353533928312425,
        0.6805985932935679,
        0.7320079528780481,
        0.7893678034103133,
        0.8554614544559451,
        0.9329996602409896,
        0.9999784431407841
      ],
      [
        0.0014999195238056809,
        0.0021990258759352855,
        0.002812202145822403,
        0.003406662354740278,
        0.0037935361221659676,
        0.004255525895856355,
        0.004872632975392723,
        0.005534860646701468,
        0.006321534942393795,
        0.007078923665480501,
        0.008022879911552509,
        0.008900712093409507,
        0.010077592206892999,
        0.01176233368286555,
        0.013820805389398881,
        0.01685908204396988,
        0.021915139842341853,
        0.032339563426018514,
        0.0761627062869832,
        0.3327439672425679
      ]
    ],
    "clamp": [
      [
        0.003992796347074679,
        0.12329416533839081,
        0.18754143593868183,
        0.24002784003424152,
        0.28610123199096593,
        0.32578535760814403,
        0.3645250127342803,
        0.3998165966842601,
        0.4331211043759857,
        0.467572575221756,
        0.5025937203201832,
        0.5393998460872524,
        0.5784732057867777,
        0.6206460476478965,
        0.66739577897919,
        0.720029281652534,
        0.7774609189661444,
        0.8467728150940079,
        0.930489388085597,
        1.0
      ],
      [
        0.0017942106815733373,
        0.002611655981104675,
        0.0031637316500473227,
        0.0035518158158830875,
        0.003952118220363142,
        0.004315626276690099,
        0.004757269673240536,
        0.005292052222237926,
        0.006020615625026459,
        0.0068315946310592525,
        0.007490466600819838,
        0.008263052072048083,
        0.00909496918179196,
        0.009990389405480894,
        0.011680756941633513,
        0.013693181815563199,
        0.017182146073265393,
        0.02610744373874115,
        0.07122847357851558,
        0.2940001239152787
      ]
    ],
    "morgan": [
      [
        0.0004677235043489438,
        0.10739728950886981,
        0.1662462028195436,
        0.21613212084230154,
        0.26188979479277186,
        0.30619285724068335,
        0.34950294631856393,
        0.3924517940112682,
        0.4345603023238503,
        0.4756015182221669,
        0.5209904874411924,
        0.5652231772843999,
        0.6110023855300122,
        0.6601177576851612,
        0.7087202697157535,
        0.7616741110458165,
        0.8175773973603533,
        0.8776758413617936,
        0.9442190470111566,
        0.9999750964425171
      ],
      [
        0.0018256114920993853,
        0.002272517862944311,
        0.0026723090054590923,
        0.002974379810493001,
        0.0033207207717890694,
        0.003782055665355833,
        0.004307894293763614,
        0.004893474266519294,
        0.00563105236294333,
        0.006375185399509132,
        0.0073591273358167,
        0.00848584158911064,
        0.010020035233860834,
        0.012024597877872321,
        0.014723203821868348,
        0.018845283927272746,
        0.025722365684892154,
        0.038651914946974154,
        0.09849056886140592,
        0.5179059195061521
      ]
    ]
  },
  "decision_cutoff_logit": -3.802384391624987,
  "decision_cutoff_lift": 1.080831384038106
}