{
  "mode": "slow",
  "descriptor_types": [
    "chemeleon",
    "clamp"
  ],
  "n_compounds": 80250,
  "n_actives": 772,
  "ratio_actives": 0.00961993769470405,
  "population_prior": 0.00961993769470405,
  "portfolio": [
    "xgb",
    "rf"
  ],
  "num_batches": {
    "chemeleon": 2,
    "clamp": 2
  },
  "decision_cutoff_raw": 0.04485287769338166,
  "decision_cutoff_proba": 0.021986918635134474,
  "decision_cutoff_rank": 0.8855946545311686,
  "oof_aucs": {
    "chemeleon": 0.9490057176183406,
    "clamp": 0.9528478373198593
  },
  "proxy_aucs": {
    "chemeleon": 0.8547339693683051,
    "clamp": 0.914452955112889
  },
  "train_aucs": {
    "chemeleon": 0.999983457474529,
    "clamp": 0.9999861792496558
  },
  "quality_aucs": {
    "chemeleon": 0.8980279777621523,
    "clamp": 0.9057094953900628
  },
  "active_descriptors": {
    "chemeleon": true,
    "clamp": true
  },
  "ad_hard_cutoffs": {
    "chemeleon": 0.05000000074505806,
    "clamp": 0.05000000074505806
  },
  "rank_error_curves": {
    "chemeleon": [
      [
        0.014266799266241725,
        0.1446839382063305,
        0.19750680224125167,
        0.24070866151403777,
        0.27986893818511926,
        0.31724618757063383,
        0.352898985603598,
        0.3875448229984415,
        0.42205278514133004,
        0.459027108916658,
        0.49788848478252745,
        0.5373210751557296,
        0.5770656023340661,
        0.6209858893974106,
        0.6671045719379092,
        0.7192643305178537,
        0.777432378451455,
        0.8430099579483034,
        0.9179585108339549,
        0.9999953830236252
      ],
      [
        0.00013980998589436792,
        0.00026896180994410854,
        0.000395750148008542,
        0.0005125102064838697,
        0.0006374154190122822,
        0.0007802563675797372,
        0.0009245254699685367,
        0.001073504390045775,
        0.0012491883991955545,
        0.0014487424074127906,
        0.0017243485064633083,
        0.0019911450826405343,
        0.002374549916505964,
        0.00282998547243345,
        0.003474594603253509,
        0.004570446939222844,
        0.006487586074880024,
        0.010995802401305299,
        0.03113804127234983,
        0.22748445509824214
      ]
    ],
    "clamp": [
      [
        0.00885023541884053,
        0.13622167932961607,
        0.19100078705244228,
        0.23556001156856668,
        0.2743485347535095,
        0.3120909977638927,
        0.34845298896926413,
        0.38328265986302,
        0.418856861135953,
        0.455081971293591,
        0.4923000274244722,
        0.5310356668437006,
        0.5723219423607088,
        0.6161130882281516,
        0.6647812370401912,
        0.7189531296604779,
        0.7792167859722336,
        0.8478240296819679,
        0.922894561387773,
        0.9999947754289003
      ],
      [
        0.00017032070405584702,
        0.00029480924384060286,
        0.0003962160197467902,
        0.00048471113692122395,
        0.0005768181311647078,
        0.0006764735793091767,
        0.0007944097639025852,
        0.000904615450171034,
        0.0010375463169365808,
        0.0012058369376702776,
        0.0013936340121212072,
        0.0016193151634758469,
        0.0019149464653420473,
        0.0022735143564079083,
        0.002827978179864717,
        0.003655955827726607,
        0.005212808738868189,
        0.009084541419914272,
        0.02862330065779861,
        0.19677665468704633
      ]
    ]
  },
  "decision_cutoff_logit": -3.7950753765587764,
  "decision_cutoff_lift": 2.2855572804009605
}