{
    "portfolio": [
        "lr",
        "xgb",
        "rf",
        "svc"
    ],
    "max_batch_size": 100000,
    "max_imbalance_ratio": 100,
    "num_batches": 1,
    "population_prior": 0.3523809523809524,
    "batch_priors": [
        0.3523809523809524
    ],
    "decision_cutoff_raw": 0.3376234507202488,
    "decision_cutoff_proba": 0.3357424550828259,
    "decision_cutoff_rank": 0.4783653846153846,
    "decision_cutoff_logit": -0.6823255798058196,
    "decision_cutoff_lift": 0.952782642802614
}