{
  "n_components": 27,
  "n_features_in": 768,
  "n_cal_knots": 200,
  "cal_min": 2.6908907890319824,
  "cal_max": 11.066717147827148,
  "scaler": "standard"
}