{
    "portfolio": [
        "lr",
        "xgb",
        "rf",
        "svc"
    ],
    "max_batch_size": 100000,
    "max_imbalance_ratio": 100,
    "num_batches": 1,
    "population_prior": 0.19811320754716982,
    "batch_priors": [
        0.19811320754716982
    ],
    "decision_cutoff_raw": 0.2929204382966077,
    "decision_cutoff_proba": 0.18800052043207507,
    "decision_cutoff_rank": 0.6476190476190478,
    "decision_cutoff_logit": -1.4630549681534357,
    "decision_cutoff_lift": 0.948955007895236
}