{
  "mode": "slow",
  "descriptor_types": [
    "chemeleon",
    "clamp"
  ],
  "n_compounds": 2129,
  "n_actives": 63,
  "ratio_actives": 0.02959135744480977,
  "population_prior": 0.02959135744480977,
  "portfolio": [
    "lr",
    "xgb",
    "rf",
    "svc"
  ],
  "num_batches": {
    "chemeleon": 1,
    "clamp": 1
  },
  "decision_cutoff_raw": 0.1310895767957098,
  "decision_cutoff_proba": 0.031138116276047602,
  "decision_cutoff_rank": 0.8046287593984962,
  "oof_aucs": {
    "chemeleon": 0.8240599886292045,
    "clamp": 0.8150478649026567
  },
  "proxy_aucs": {
    "chemeleon": 0.823445351034896,
    "clamp": 0.8164077505800642
  },
  "train_aucs": {
    "chemeleon": 1.0,
    "clamp": 1.0
  },
  "quality_aucs": {
    "chemeleon": 0.648119977258409,
    "clamp": 0.6300957298053134
  },
  "active_descriptors": {
    "chemeleon": true,
    "clamp": true
  },
  "ad_hard_cutoffs": {
    "chemeleon": 0.05000000074505806,
    "clamp": 0.0520000085234642
  },
  "rank_error_curves": {
    "chemeleon": [
      [
        0.08296107433112875,
        0.16821748467307973,
        0.21002834448379262,
        0.24685006769659276,
        0.27562905727338083,
        0.30398795071774554,
        0.3372116276005126,
        0.36489368733997324,
        0.3935586901120152,
        0.4244363617214064,
        0.45278265275679064,
        0.48731770521191403,
        0.5271182309055529,
        0.5670520095840036,
        0.6104592641784786,
        0.6519870526438631,
        0.7129175264931886,
        0.8022497168256257,
        0.8987259428225406,
        1.0
      ],
      [
        0.02227433364505425,
        0.022351036466839048,
        0.022437584445288008,
        0.022536379602234608,
        0.022674044118518207,
        0.022814379828753274,
        0.022954700260211416,
        0.02315034529642296,
        0.023424335871596168,
        0.02367993455478132,
        0.023718891873705798,
        0.02396056969163231,
        0.02434860174795906,
        0.02536667954728909,
        0.026004169876455197,
        0.026387753624292618,
        0.027701118476960804,
        0.03990539495682972,
        0.07163632376815328,
        0.7398066055097765
      ]
    ],
    "clamp": [
      [
        0.0676605947523907,
        0.15094462119641594,
        0.18998535205794362,
        0.22568046269556458,
        0.2616702536443556,
        0.29217285426926376,
        0.32694957382917544,
        0.3611085933795768,
        0.39412946736372273,
        0.42602906293378384,
        0.4582538848758221,
        0.4963317751862919,
        0.5352880897196497,
        0.5732169192743154,
        0.6175553508868871,
        0.6625287017748739,
        0.7158784840021658,
        0.7841881878691677,
        0.8754250806897084,
        0.9999486154384323
      ],
      [
        0.018365432354962366,
        0.018579419923104374,
        0.018788440344232177,
        0.019096243324373825,
        0.01928759413577764,
        0.01958839668821067,
        0.019985092084498467,
        0.020192551024515643,
        0.02085006078182305,
        0.021431570414529904,
        0.021925440380722607,
        0.0227853530895979,
        0.023561967337196236,
        0.024767853535148338,
        0.02739526933215014,
        0.03008090448670367,
        0.03297503023987905,
        0.038398044316334236,
        0.1193638420896121,
        0.6685906839102855
      ]
    ]
  },
  "decision_cutoff_logit": -3.4376893943976388,
  "decision_cutoff_lift": 1.0522706278048466
}