{
  "n_components": 45,
  "n_features_in": 2048,
  "n_cal_knots": 200,
  "cal_min": 2.503142833709717,
  "cal_max": 57.26072692871094,
  "scaler": "standard"
}