{
    "portfolio": [
        "xgb",
        "rf"
    ],
    "max_batch_size": 100000,
    "max_imbalance_ratio": 100,
    "num_batches": 1,
    "population_prior": 0.020957093688375,
    "batch_priors": [
        0.020957093688375
    ],
    "decision_cutoff_raw": 0.2201791321863184,
    "decision_cutoff_proba": 0.023453112990007685,
    "decision_cutoff_rank": 0.8123380481783051,
    "decision_cutoff_logit": -3.729019528346538,
    "decision_cutoff_lift": 1.1191014049346566
}