{
  "n_components": 45,
  "n_features_in": 2048,
  "n_cal_knots": 200,
  "cal_min": 2.8851308822631836,
  "cal_max": 71.53923034667969,
  "scaler": "standard"
}