{
  "n_components": 14,
  "n_features_in": 217,
  "n_cal_knots": 200,
  "cal_min": 1.268080711364746,
  "cal_max": 20.796005249023438,
  "scaler": "standard"
}