{
    "portfolio": [
        "lr",
        "xgb",
        "rf",
        "svc"
    ],
    "max_batch_size": 100000,
    "max_imbalance_ratio": 100,
    "num_batches": 1,
    "population_prior": 0.3523809523809524,
    "batch_priors": [
        0.3523809523809524
    ],
    "decision_cutoff_raw": 0.3239225447810601,
    "decision_cutoff_proba": 0.3417471365304046,
    "decision_cutoff_rank": 0.43990384615384615,
    "decision_cutoff_logit": -0.6555180517657189,
    "decision_cutoff_lift": 0.9698229550187157
}