{
    "portfolio": [
        "xgb",
        "rf"
    ],
    "max_batch_size": 100000,
    "max_imbalance_ratio": 100,
    "num_batches": 12,
    "population_prior": 0.0008328944306309176,
    "batch_priors": [
        0.009903874162540053,
        0.009903874162540053,
        0.009903874162540053,
        0.009903874162540053,
        0.009903874162540053,
        0.009903874162540053,
        0.009903874162540053,
        0.009903874162540053,
        0.009903874162540053,
        0.009903874162540053,
        0.009903874162540053,
        0.009905316824471959
    ],
    "decision_cutoff_raw": 0.020936522009179823,
    "decision_cutoff_proba": 0.009047697105272137,
    "decision_cutoff_rank": 0.9225348847458279,
    "decision_cutoff_logit": -4.696156141069255,
    "decision_cutoff_lift": 10.862957864201956
}