{
  "n_components": 45,
  "n_features_in": 2048,
  "n_cal_knots": 200,
  "cal_min": 2.872668743133545,
  "cal_max": 72.0251235961914,
  "scaler": "standard"
}