{
  "n_components": 45,
  "n_features_in": 2048,
  "n_cal_knots": 200,
  "cal_min": 2.566389322280884,
  "cal_max": 61.10232925415039,
  "scaler": "standard"
}