{
  "n_components": 45,
  "n_features_in": 2048,
  "n_cal_knots": 200,
  "cal_min": 2.903252601623535,
  "cal_max": 71.85740661621094,
  "scaler": "standard"
}