{
    "portfolio": [
        "lr",
        "xgb",
        "rf",
        "svc"
    ],
    "max_batch_size": 100000,
    "max_imbalance_ratio": 100,
    "num_batches": 1,
    "population_prior": 0.017931712110046672,
    "batch_priors": [
        0.017931712110046672
    ],
    "decision_cutoff_raw": 0.07332645427131283,
    "decision_cutoff_proba": 0.01610437028632041,
    "decision_cutoff_rank": 0.9036240786240786,
    "decision_cutoff_logit": -4.11242914255174,
    "decision_cutoff_lift": 0.8980944032275396
}